trabalhoCompletoEmCongresso	Andrea Britto Mattos	2014	http://dx.doi.org/10.1145/2596695.2596707	Marker-based image recognition of dynamic content for the visually impaired	the 11th Web for All Conference	MATTOS, ANDRÉA BRITTO; CARDONHA, CARLOS ; GALLO, DIEGO ; AVEGLIANO, PRISCILLA ; HERRMANN, RICARDO ; BORGER, SERGIO		
trabalhoCompletoEmCongresso	Andrea Britto Mattos	2014		A Mission-Oriented Citizen Science Platform for Efficient Flower Classification Based on Combination of Feature Descriptors	International Workshop on Environmental Multimedia Retrieval 2014	MATTOS, A. B.; HERRMANN, R. G. ; SHIGENO, K. K. ; FERIS, R. S.		
trabalhoCompletoEmCongresso	Andrea Britto Mattos	2012		E-commerce Market Analysis from a Graph-Based Product Classifier	Computational Processing of the Portuguese Language	MATTOS, A. B.; KAMPEN, M. V. ; CARRICO, C. ; CRIVELLARO, A.		
trabalhoCompletoEmCongresso	Andrea Britto Mattos	2011		3D facial animation based on structural registration	XXIV Sibgrapi (Conference on Graphics	MATTOS, A. B.; MENA-CHALCO, J. P. ; CESAR JUNIOR, R. M.		
trabalhoCompletoEmCongresso	Andrea Britto Mattos	2011		Computer vision research at IBOPE Media automation tools to reduce human intervention	XXIV Sibgrapi (Conference on Graphics	MATTOS, A. B.; MONTAGNER, I. ; CRIVELLARO, A. ; KLAVA, B. ; BRUN, M.		
trabalhoCompletoEmCongresso	Andrea Britto Mattos	2010	http://dx.doi.org/10.1109/SIBGRAPI.2010.44	3D Linear Facial Animation Based on Real Data	2010 23rd SIBGRAPI Conference on Graphics	MATTOS, A B; MENA-CHALCO, J P ; CESAR, R M ; VELHO, L		
resumoExpandidoEmCongresso	Andrea Britto Mattos	2014	Flower Classification for a Citizen Science Mobile App	International Conference, 2014	MATTOS, ANDRÉA BRITTO; HERRMANN, RICARDO GUIMARÃES ; SHIGENO, KELLY KIYUMI ; FERIS, ROGERIO SCHMIDT		
resumoExpandidoEmCongresso	Andrea Britto Mattos	2014	Marker-assisted recognition of dynamic content in public spaces	the 11th Web for All Conference, 2014	MATTOS, ANDRÉA BRITTO; HERRMANN, RICARDO ; CARDONHA, CARLOS ; GALLO, DIEGO ; AVEGLIANO, PRISCILLA ; BORGER, SERGIO		
resumoExpandidoEmCongresso	Andrea Britto Mattos	2014	Shelf replenishment optimization towards the confluence of mobile and analytics	INFORMS, 2014, Boston. 14th Annual Conference on Business Analytics	AVEGLIANO, P. ; CARDONHA, C. ; MATTOS, A. B. ; BORGER, S.		
resumoExpandidoEmCongresso	Andrea Britto Mattos	2009	3D facial animation based on structural registration	Brazilian Symposium on Computer Graphics and Image Processing SIBGRAPI 2009, 2009, Rio de Janeiro. Brazilian Symposium on Computer Graphics and Image Processing, Conference Proceedings, 2009	MATTOS, A. B.; CESAR JUNIOR, R. M.		
artigoEmPeriodico	Jesus Pascual Mena Chalco	2023	2504-0537	http://dx.doi.org/10.3389/frma.2023.1064230	Are female scientists underrepresented in self-retractions for honest error?	Frontiers in Research Metrics and Analytics	RIBEIRO, MARIANA D. ; MENA-CHALCO, JESUS ; ROCHA, KARINA DE ALBUQUERQUE ; PEDROTTI, MARLISE ; MENEZES, PATRICK ; VASCONCELOS, SONIA M. R.		
artigoEmPeriodico	Jesus Pascual Mena Chalco	2022	1808-5245	http://dx.doi.org/10.19132/1808-5245282.116156	Análise da longevidade e do tamanho das coautorias acadêmicas: os caminhares na ciência brasileira	EM QUESTÃO	GUSMAO, A. C. S. ; SANTOS, S. M. ; MENA-CHALCO, J. P.		
artigoEmPeriodico	Jesus Pascual Mena Chalco	2022	0898-9621	http://dx.doi.org/10.1080/08989621.2021.2018306	Perceptions of plagiarism among PhDs across the sciences, engineering, humanities, and arts: Results from a national survey in Brazil	Accountability in Research-Policies and Quality Assurance	VASCONCELOS, SONIA M. R. ; MASUDA, HATISABURO ; SORENSON, MARTHA ; PROSDOCIMI, FRANCISCO ; PALÁCIOS, MARISA ; WATANABE, EDSON ; CARLOS PINTO, JOSÉ ; LAPA E SILVA, JOSÉ ROBERTO ; VIEYRA, ADALBERTO ; PINTO, ANDRÉ ; MENA-CHALCO, JESÚS ; SANT?ANA, MAURICIO ; ROIG, MIGUEL		
artigoEmPeriodico	Jesus Pascual Mena Chalco	2022	0003-6846	http://dx.doi.org/10.1080/00036846.2022.2099525	Are women less persistent? Evidence from submissions to a nationwide meeting of economics	APPLIED ECONOMICS	PEREDA, PAULA ; MONTOYA DIAZ, MARIA DOLORES ; ROCHA, FABIANA ; MATSUNAGA, LIZ ; BORGES, BRUNA PUGIALLI ; MENA-CHALCO, JESUS ; NARITA, RENATA ; BRENCK, CLARA		
artigoEmPeriodico	Jesus Pascual Mena Chalco	2022	0138-9130	http://dx.doi.org/10.1007/s11192-022-04487-3	How much does a Ph.D. scholarship program impact an emerging economy research performance?	SCIENTOMETRICS	BIN, ADRIANA ; SALLES-FILHO, SERGIO ; SPATTI, ANA CAROLINA ; MENA-CHALCO, JESÚS PASCUAL ; COLUGNATI, FERNANDO ANTONIO BASILE		
artigoEmPeriodico	Jesus Pascual Mena Chalco	2022	1932-6203	http://dx.doi.org/10.1371/journal.pone.0261200	Analysis of co-authorship networks among Brazilian graduate programs in computer science	PLoS One	NUNES DA SILVA, ALEX ; BREVE, MATHEUS MONTANINI ; MENA-CHALCO, JESÚS PASCUAL ; LOPES, FABRÍCIO MARTINS		
artigoEmPeriodico	Jesus Pascual Mena Chalco	2021	1751-1577	http://dx.doi.org/10.1016/j.joi.2021.101130	Predicting the Q of junior researchers using data from the first years of publication	Journal of Informetrics	BATISTA JUNIOR, A. A. ; GOUVEIA, F. C. ; MENA-CHALCO, J. P.		
artigoEmPeriodico	Jesus Pascual Mena Chalco	2021	2321-6654	http://dx.doi.org/10.5530/jscires.10.1s.25	Health Research Networks Based on National CV Platforms in Brazil and Uruguay	Journal of Scientometric Research	TOMASSINI, CECILIA ; COHANOFF, CLAUDIA ; ROBAINA, SOFIA ; MENA-CHALCO, JESÚS P		
artigoEmPeriodico	Jesus Pascual Mena Chalco	2020	2543-683X	http://dx.doi.org/10.2478/jdis-2020-0038	Scientometric Analysis of Research Output from Brazil in Response to the Zika Crisis Using e-Lattes	Journal of Data and Information Science	SAMPAIO, RICARDO BARROS ; DE ABREU BATISTA, ANTÔNIO ; FERREIRA, BRUNO SANTOS ; BARRETO, MAURICIO L. ; MENA-CHALCO, JESÚS P.		
artigoEmPeriodico	Jesus Pascual Mena Chalco	2020	1518-8353		Um modelo populacional para análise de genealogia acadêmica: evidências sobre crescimento acadêmico no Brasil	CIÊNCIA DA INFORMAÇÃO (ONLINE)	DAMACENO, R. J. P. ; SILVA, M. B. ; MENA-CHALCO, J. P.		
artigoEmPeriodico	Jesus Pascual Mena Chalco	2019	0100-3143	http://dx.doi.org/10.1590/2175-623681653	The Ford Foundation Fellowships Program: 12 years of operation in Brazil	EDUCAÇÃO E REALIDADE	ARTES, A. C. A. ; MENA-CHALCO, J. P.		
artigoEmPeriodico	Jesus Pascual Mena Chalco	2019	0138-9130	http://dx.doi.org/10.1007/s11192-019-03023-0	The Brazilian academic genealogy: evidence of advisor-advisee relationships through quantitative analysis	SCIENTOMETRICS	DAMACENO, R. J. P. ; ROSSI, L. ; MUGNAINI, R. ; MENA-CHALCO, J. P.		
artigoEmPeriodico	Jesus Pascual Mena Chalco	2019	0103-3786	http://dx.doi.org/10.1590/1678-9865201931e180073	Genealogia acadêmica e sua relação com a trajetória do conhecimento na Escola Nacional de Saúde Pública Sérgio, Fundação Oswaldo Cruz	Transinformacao	VIANA, L. C. S. ; SOUZA, S. M. F. M. ; DAMACENO, R. J. P. ; MENA-CHALCO, J. P.		
artigoEmPeriodico	Jesus Pascual Mena Chalco	2019	1981-6278	http://dx.doi.org/10.29397/reciis.v13i3.1561	Prevenção de drogas em contextos educacionais: uma análise da rede de colaboração entre pesquisadores	RECIIS - Revista Eletrônica de Comunicação, Informação & Inovação em Saúde	BERNARDO, J. F. ; MENA-CHALCO, J. P. ; MICHELI, D.		
artigoEmPeriodico	Jesus Pascual Mena Chalco	2019	0103-3786	http://dx.doi.org/10.1590/2318-0889201931e190033	Panorama da produção científi ca do Brasil além da indexação: uma análise exploratória da comunicação em periódicos	Transinformacao	MUGNAINI, R. ; DAMACENO, R. J. P. ; DIGIAMPIETRI, L. A. ; MENA-CHALCO, J. P.		
artigoEmPeriodico	Jesus Pascual Mena Chalco	2019	0327-5841		Mapeo de la producción académica de jóvenes doctores con tesis sobre turismo en Brasil	ESTUDIOS Y PERSPECTIVAS EN TURISMO	REJOWSKI, M. ; MENA-CHALCO, J. P.		
artigoEmPeriodico	Jesus Pascual Mena Chalco	2018	1615-5289	http://dx.doi.org/10.1007/s10209-017-0540-1	Mobile device accessibility for the visually impaired: problems mapping and recommendations	Universal Access in the Information Society	DAMACENO, R. J. P. ; BRAGA, J. C. ; MENA-CHALCO, J. P.		
artigoEmPeriodico	Jesus Pascual Mena Chalco	2018	1981-6278	http://dx.doi.org/10.29397/reciis.v12i2.1515	Mapeamento de pesquisadores precursores da área de prevenção de drogas em contextos educacionais no Brasil	RECIIS - Revista Eletrônica de Comunicação, Informação & Inovação em Saúde	BERNARDO, J. F. ; PINHEIRO, B. O. ; MENA-CHALCO, J. P. ; MICHELI, D.		
artigoEmPeriodico	Jesus Pascual Mena Chalco	2018	1751-1577	http://dx.doi.org/10.1016/j.joi.2018.08.004	Topological metrics in academic genealogy graphs	Journal of Informetrics	ROSSI, L. ; DAMACENO, R. J. P. ; FREIRE, I. L. ; BECHARA, E. J. H. ; MENA-CHALCO, J. P.		
artigoEmPeriodico	Jesus Pascual Mena Chalco	2018	0103-0752	http://dx.doi.org/10.1214/17-bjps362	Brazilian network of PhDs working with probability and statistics	Brazilian Journal of Probability and Statistics	DIGIAMPIETRI, LUCIANO ; RÊGO, LEANDRO ; COSTA DE SOUZA, FILIPE ; OSPINA, RAYDONAL ; MENA-CHALCO, JESÚS		
artigoEmPeriodico	Jesus Pascual Mena Chalco	2018	1808-5245	http://dx.doi.org/10.19132/1808-5245240.172-192	Mapeamento do conhecimento científico: uma proposta de método baseado em Genealogia Acadêmica	EM QUESTÃO	ROSSI, L. ; MENA-CHALCO, J. P.		
artigoEmPeriodico	Jesus Pascual Mena Chalco	2018	1413-9375		Genealogia acadêmica: Um novo olhar sobre impacto acadêmico de pesquisadores	PARCERIAS ESTRATÉGICAS (IMPRESSO)	ROSSI, L. ; DAMACENO, R. J. P. ; MENA-CHALCO, J. P.		
artigoEmPeriodico	Jesus Pascual Mena Chalco	2017	1678-4634	http://dx.doi.org/10.1590/s1517-9702201702152528	Expansão da temática relações raciais no banco de dados de teses e dissertações da CAPES	EDUCAÇÃO E PESQUISA	ARTES, A. C. A. ; MENA CHALCO, J. P.		
artigoEmPeriodico	Jesus Pascual Mena Chalco	2017	1518-2924	http://dx.doi.org/10.5007/1518-2924.2017v22n50p114	Prospecção acadêmica dos projetos financiados sobre dengue no Brasil: uso da ferramenta Scriptlattes como apoio ao planejamento de pesquisas em Saúde Pública	Encontros Bibli (UFSC)	MOTTA, L. J. ; FERRAZ, R. R. N. ; QUONIAM, L. ; MENA-CHALCO, J. P.		
artigoEmPeriodico	Jesus Pascual Mena Chalco	2017	1516-7313	http://dx.doi.org/10.1590/1516-731320170020006	(Inter)disciplinaridade e transversalidades: o projeto de formação superior da Universidade Federal do ABC	Ciência e Educação (UNESP)	XAVIER, A. M. ; STEIL, L. J. ; MENA-CHALCO, J. P.		
artigoEmPeriodico	Jesus Pascual Mena Chalco	2017	2330-1635	http://dx.doi.org/10.1002/asi.23635	Scholarly publication and collaboration in Brazil: The role of geography	Journal of the Association for Information Science and Technology	SIDONE, OTÁVIO JOSÉ GUERCI ; HADDAD, EDUARDO AMARAL ; MENA-CHALCO, JESÚS PASCUAL		
artigoEmPeriodico	Jesus Pascual Mena Chalco	2017	1751-1577	http://dx.doi.org/10.1016/j.joi.2017.04.001	Genealogical index: A metric to analyze advisor-advisee relationships	Journal of Informetrics	ROSSI, L. ; FREIRE, I. L. ; MENA-CHALCO, J. P.		
artigoEmPeriodico	Jesus Pascual Mena Chalco	2017	1980-5357	http://dx.doi.org/10.1590/0101-416147414ejo	Produção científica e redes de colaboração dos docentes vinculados aos programas de pós-graduação em Economia no Brasil	ESTUDOS ECONÔMICOS	HADDAD, E. A. ; MENA-CHALCO, J. P. ; SIDONE, O. J. G.		
artigoEmPeriodico	Jesus Pascual Mena Chalco	2017	0160-0176	http://dx.doi.org/10.1177/0160017615614898	Scholarly Collaboration in Regional Science in Developing Countries	INTERNATIONAL REGIONAL SCIENCE REVIEW	HADDAD, E. A. ; MENA-CHALCO, J. P. ; SIDONE, O. J. G.		
artigoEmPeriodico	Jesus Pascual Mena Chalco	2017	1981-6278	http://dx.doi.org/10.29397/reciis.v11i0.1408	Artigos em Periódicos de Acesso Aberto: um Estudo com Pesquisadores Bolsistas de Produtividade do CNPq	RECIIS - Revista Eletrônica de Comunicação, Informação & Inovação em Saúde	LETA, J. ; COSTA, E. H. S. ; MENA-CHALCO, J. P.		
artigoEmPeriodico	Jesus Pascual Mena Chalco	2017	2358-7814	http://dx.doi.org/10.21721/p2p.2017v4n1.p130-146	ESTRUTURA DE PESQUISA EM REDE: O CASO DA REDE NACIONAL DE PESQUISAS CLÍNICAS EM HOSPITAIS DE ENSINO	P2P E INOVAÇÃO	TENÓRIO, MARGE ; MENA-CHALCO, JESÚS PASCUAL ; MELLO, GUILHERME ARANTES ; VIANA, ANA LUIZA D´ÁVILA		
artigoEmPeriodico	Jesus Pascual Mena Chalco	2016	1678-8060	http://dx.doi.org/10.1590/0074-02760150386	The dynamics of Brazilian protozoology over the past century	Memórias do Instituto Oswaldo Cruz (Online)	ELIAS, M. C. ; WINTER, L. M. F. ; MENA-CHALCO, J. P.		
artigoEmPeriodico	Jesus Pascual Mena Chalco	2016	2318-0889	http://dx.doi.org/10.1590/2318-08892016002800006	Exploração da Plataforma Lattes por assunto: proposta de metodologia	Transinformacao	BRITO, ALINE GRASIELE CARDOSO DE ; QUONIAM, LUC ; MENA-CHALCO, JESÚS PASCUAL		
artigoEmPeriodico	Jesus Pascual Mena Chalco	2016	2318-0889	http://dx.doi.org/10.1590/2318-08892016002800002	A ciência nas regiões brasileiras: evolução da produção e das redes de colaboração científica	Transinformacao	SIDONE, OTÁVIO JOSÉ GUERCI ; HADDAD, EDUARDO AMARAL ; MENA-CHALCO, JESÚS PASCUAL		
artigoEmPeriodico	Jesus Pascual Mena Chalco	2015	0097-8493	http://dx.doi.org/10.1016/j.cag.2015.02.009	Facing the High-dimensions: Inverse Projection with Radial Basis Functions	Computers & Graphics	AMORIM, ELISA ; BRAZIL, EMILIO VITAL ; MENA-CHALCO, JESÚS ; VELHO, LUIZ ; NONATO, LUIS GUSTAVO ; SAMAVATI, FARAMARZ ; SOUSA, MARIO COSTA		
artigoEmPeriodico	Jesus Pascual Mena Chalco	2015	1932-6203	http://dx.doi.org/10.1371/journal.pone.0129065	Analysis of an Advisor-Advisee Relationship: An Exploratory Study of the Area of Exact and Earth Sciences in Brazil	Plos One	TUESTA, E. F. ; DELGADO, K. V. ; MUGNAINI, R. ; DIGIAMPIETRI, L. A. ; MENA-CHALCO, J. P. ; PEREZ-ALCAZAR, J.		
artigoEmPeriodico	Jesus Pascual Mena Chalco	2015	1981-5344	http://dx.doi.org/10.1590/1981-5344/2434	Perfil de produção acadêmica dos programas brasileiros de pós-graduação em Ciência da Informação 2008-2012	Perspectivas em Ciência da Informação (Online)	AUTRAN, M. M. M. ; BORGES, M. M. ; MENA-CHALCO, J. P. ; PINHEIRO, V. G.		
artigoEmPeriodico	Jesus Pascual Mena Chalco	2015	1518-2924	http://dx.doi.org/10.5007/1518-2924.2015v20n43p93	Extração e disponibilização on line de indicadores de desempenho e prospecção dos resultados das pesquisas em dengue com a utilização da ferramenta computacional Scriptlattes	Encontros Bibli	FERRAZ, R. R. ; QUONIAM, L. M. ; PIMENTA, D. N. ; MENA-CHALCO, J. P. ; NIGRO, C. A.		
artigoEmPeriodico	Jesus Pascual Mena Chalco	2015	2176-901X		O envelhecimento na sociologia brasileira contemporânea: notas preliminares	Revista Kairós (Online)	PEDRO, W. J. A. ; MENA-CHALCO, J. P.		
artigoEmPeriodico	Jesus Pascual Mena Chalco	2014	2330-1635	http://dx.doi.org/10.1002/asi.23010	Brazilian bibliometric coauthorship networks	Journal of the Association for Information Science and Technology	MENA-CHALCO, J. P.; DIGIAMPIETRI, L. A. ; LOPES, F. M. ; CESAR JUNIOR, R. M.		
artigoEmPeriodico	Jesus Pascual Mena Chalco	2014	1932-6203	http://dx.doi.org/10.1371/journal.pone.0094541	BraX-Ray: An X-Ray of the Brazilian Computer Science Graduate Programs	Plos One	DIGIAMPIETRI, LUCIANO A. ; MENA-CHALCO, JESÚS P. ; VAZ DE MELO, PEDRO O. S. ; MALHEIRO, ANA P. R. ; MEIRA, DÂNIA N. O. ; FRANCO, LARYSSA F. ; OLIVEIRA, LEONARDO B.		
artigoEmPeriodico	Jesus Pascual Mena Chalco	2014	0103-3786	http://dx.doi.org/10.1590/0103-3786201400030002	Comunicação científica no Brasil (1998-2012): indexação, crescimento, fluxo e dispersão	Transinformação	MUGNAINI, R. ; DIGIAMPIETRI, L. A. ; MENA-CHALCO, J. P.		
artigoEmPeriodico	Jesus Pascual Mena Chalco	2014	9999-9998		Redes de colaboração acadêmica: Um estudo de caso da produção bibliográfica da UFABC	Revista Interciente	MENA-CHALCO, J. P.; DALPIAN, G. M. ; CAPELLE, K.		
artigoEmPeriodico	Jesus Pascual Mena Chalco	2014	1808-5245		Análise macro das últimas atualizações dos Currículos Lattes	Em Questão	DIGIAMPIETRI, L. A. ; MUGNAINI, R. ; MENA-CHALCO, J. P. ; DELGADO, K. V. ; PEREZ-ALCAZAR, J.		
artigoEmPeriodico	Jesus Pascual Mena Chalco	2014	1981-8920	http://dx.doi.org/10.5433/1981-8920.2014v19n3p30	Extração e tratamento de dados na base lattes para identificação de core competencies em dengue	Informação & Informação (UEL. Online)	MAGALHAES, J. L. ; QUONIAM, L. ; MENA-CHALCO, J. P. ; SANTOS, A.		
artigoEmPeriodico	Jesus Pascual Mena Chalco	2012	1807-8893		Perfil de produção acadêmica dos programas brasileiros de pós-graduação em Ciência da Computação nos triênios 2004-2006 e 2007-2009	Em Questão (UFRGS. Impresso)	MENA-CHALCO, J. P.; DIGIAMPIETRI, L. A. ; OLIVEIRA, Leonardo B.		
artigoEmPeriodico	Jesus Pascual Mena Chalco	2011	1571-0661	http://dx.doi.org/10.1016/j.entcs.2011.11.031	Robust Range Finder Through a Laser Pointer and a Webcam	Electronic Notes in Theoretical Computer Science	Portugal-Zambrano, Christian E. ; MENA-CHALCO, JESÚS P.		
artigoEmPeriodico	Jesus Pascual Mena Chalco	2009	0100-879X	http://dx.doi.org/10.1590/S0100-879X2009000700008	A Novel Polar-based Human Face Recognition Computational Model	Brazilian Journal of Medical and Biological Research (Impresso)	ZANA, Y. ; MENA-CHALCO, J. P. ; CESAR JUNIOR, R. M.		
artigoEmPeriodico	Jesus Pascual Mena Chalco	2009	0178-2789	http://dx.doi.org/10.1007/s00371-009-0373-x	3D Face Computational Photography Using PCA Spaces	The Visual Computer	MENA-CHALCO, J. P.; MACÊDO, I. ; VELHO, L. ; CESAR JUNIOR, R. M.		
artigoEmPeriodico	Jesus Pascual Mena Chalco	2009	0104-6500	http://dx.doi.org/10.1007/BF03194511	scriptLattes: an open-source knowledge extraction system from the Lattes platform	Journal of the Brazilian Computer Society (Impresso)	MENA-CHALCO, JESÚS PASCUAL; JUNIOR, ROBERTO MARCONDES CESAR		
artigoEmPeriodico	Jesus Pascual Mena Chalco	2008	1545-5963	http://dx.doi.org/10.1109/TCBB.2007.70259	Identification of protein coding regions using the modified Gabor-wavelet transform	IEEE/ACM Transactions on Computational Biology and Bioinformatics (Print)	MENA-CHALCO, J. P.; CARRER, H. ; ZANA, Y. ; CESAR JUNIOR, R. M.		
trabalhoCompletoEmCongresso	Jesus Pascual Mena Chalco	2022	http://dx.doi.org/10.13140/RG.2.1.5183.8561	Análise da rede de colaboração dos bolsistas produtividade em pesquisa	Encontro Brasileiro de Bibliometria e Cientometria	RODRIGUES, W. B. ; MENA-CHALCO, J. P.		
trabalhoCompletoEmCongresso	Jesus Pascual Mena Chalco	2022		O Projeto BrCris: uma plataforma computacional para integração, visualização e prospecção de dados científicos	Encontro Brasileiro de Bibliometria e Cientometria	DIAS, T. M. R. ; MENA-CHALCO, J. P. ; CARVALHO-SEGUNDO, W. L. R. ; PINTO, A. L. ; QUONIAM, L. ; MOREIRA, T. H. J. ; SILVA, V. S.		
trabalhoCompletoEmCongresso	Jesus Pascual Mena Chalco	2021		Research funding and scientific performance: measuring the impact of a PhD scholarship program	International conference on scientometrics & informetrics	BIN, A. ; SALLES-FILHO, S. ; SPATTI, A. C. ; MENA-CHALCO, J. P. ; COLUGNATI, F. A. B.		
trabalhoCompletoEmCongresso	Jesus Pascual Mena Chalco	2021		Identificação de potenciais conflitos de interesse em avaliações científicas por meio de redes colaborativas de pesquisa	XXI Encontro Nacional de Pesquisa e Pós-graduação em Ciência da Informação	RODRIGUES, W. B. ; VASCONCELOS, S. M. R. ; MENA-CHALCO, J. P.		
trabalhoCompletoEmCongresso	Jesus Pascual Mena Chalco	2021		Interação entre Pesquisadores e Geração de Conhecimento em Programas de Pós Graduação em Administração de Empresas: uma Análise Baseada em Redes Sociais	EnANPAD - XLV Encontro da ANPAD	FERREIRA, S. A. ; SAMBIASE, M. F. ; MENA-CHALCO, J. P.		
trabalhoCompletoEmCongresso	Jesus Pascual Mena Chalco	2020		A Evolução da Pesquisa em Ciência da Informação: Uma análise de três revistas internacionais por Topic Modeling usando LDA	7º Encontro Brasileiro de Bibliometria e Cientometria (EBBC)	ROSSI, L. ; GOUVEIA, F. C. ; MENA-CHALCO, J. P.		
trabalhoCompletoEmCongresso	Jesus Pascual Mena Chalco	2020		O paradoxo da amizade em redes de convites de bancas de dissertações e teses	7º Encontro Brasileiro de Bibliometria e Cientometria (EBBC)	MANSUELI, V. A. P. ; RAMOS, D. F. S. ; MENA-CHALCO, J. P.		
trabalhoCompletoEmCongresso	Jesus Pascual Mena Chalco	2020		Desafios éticos no âmbito da avaliação de projetos: um estudo de caso com foco em conflitos de interesse	7º Encontro Brasileiro de Bibliometria e Cientometria (EBBC)	RODRIGUES, W. B. ; VASCONCELOS, S. M. R. ; MENA-CHALCO, J. P.		
trabalhoCompletoEmCongresso	Jesus Pascual Mena Chalco	2020		Perfil de formação acadêmica de pesquisadores de universidades privadas: relações entre produtividade e diversidade temática e geográfica	7º Encontro Brasileiro de Bibliometria e Cientometria (EBBC)	SANTOS, S. M. ; MUGNAINI, R. ; MENA-CHALCO, J. P.		
trabalhoCompletoEmCongresso	Jesus Pascual Mena Chalco	2019		An empirical analysis on the relationship between publications and academic genealogy	17th International Conference on Scientometrics & Informetrics	MUGNAINI, R. ; DAMACENO, R. J. P. ; MENA-CHALCO, J. P.		
trabalhoCompletoEmCongresso	Jesus Pascual Mena Chalco	2019		Identificação de Acadêmicos Promissores de Sucesso Científico através de Programação Linear Inteira	Simpósio Brasileiro de Pesquisa Operacional	BATISTA JUNIOR, A. A. ; MENA-CHALCO, J. P.		
trabalhoCompletoEmCongresso	Jesus Pascual Mena Chalco	2019		Ensino de programação avançada incentivando a metacognição: uma experiência positiva usando Moodle+VPL	Simpósio Brasileiro de Informática na Educação	VENERO, M. L. F. ; MENA-CHALCO, J. P.		
trabalhoCompletoEmCongresso	Jesus Pascual Mena Chalco	2019		e-Lattes: A new framework in R language for analysis of the Lattes curriculum	ISSI	SAMPAIO, RICARDO BARROS ; FERREIRA, BRUNO SANTOS ; BATISTA JUNIOR, A. A. ; MENA-CHALCO, J. P.		
trabalhoCompletoEmCongresso	Jesus Pascual Mena Chalco	2018		Criação de grafos de tópicos do conhecimento baseada em genealogia acadêmica	6º Encontro Brasileiro de Bibliometria e Cientometria (EBBC)	ROSSI, L. ; MENA-CHALCO, J. P.		
trabalhoCompletoEmCongresso	Jesus Pascual Mena Chalco	2018		Formação, endogenia e influência institucional na academia brasileira: Uma análise da absorção de doutores nas instituições de ensino superior	6º Encontro Brasileiro de Bibliometria e Cientometria (EBBC)	DAMACENO, R. J. P. ; HADDAD, E. A. ; MENA-CHALCO, J. P.		
trabalhoCompletoEmCongresso	Jesus Pascual Mena Chalco	2018		Medindo o grau de multidisciplinaridade baseado em produções bibliográficas	6º Encontro Brasileiro de Bibliometria e Cientometria (EBBC)	JESUS, R. Z. ; MENA-CHALCO, J. P.		
trabalhoCompletoEmCongresso	Jesus Pascual Mena Chalco	2018		Genealogia acadêmica: Um novo olhar sobre impacto acadêmico de pesquisadores	I Seminário de Avaliação de Políticas de CTI	ROSSI, L. ; DAMACENO, R. J. P. ; MENA-CHALCO, J. P.		
trabalhoCompletoEmCongresso	Jesus Pascual Mena Chalco	2018		Identification of the Brazilian academic roots through mining advisor-advisee relationships	Symposium on Knowledge Discovery	DAMACENO, R. J. P. ; ROSSI, L. ; MENA-CHALCO, J. P.		
trabalhoCompletoEmCongresso	Jesus Pascual Mena Chalco	2017	http://dx.doi.org/10.5540/03.2018.006.01.0370	Genealogia acadêmica dos doutores atuantes em matemática: um mapeamento macro na ciência brasileira	Congresso Nacional de Matemática Aplicada e Computacional	ROSSI, L. ; FREIRE, I. L. ; DAMACENO, R. J. P. ; MENA-CHALCO, J. P.		
trabalhoCompletoEmCongresso	Jesus Pascual Mena Chalco	2017		Identificação do grafo de genealogia acadêmica de pesquisadores: Uma abordagem baseada na Plataforma Lattes	BRAZILIAN SYMPOSIUM ON DATABASES (SBBD 2017)	DAMACENO, R. J. P. ; ROSSI, L. ; MENA-CHALCO, J. P.		
trabalhoCompletoEmCongresso	Jesus Pascual Mena Chalco	2017		Identificação da Rede Nacional de Pesquisadores na área de Prevenção de Drogas em Contextos Educacionais	Congresso Internacional Abramd	BERNARDO, J. F. ; PINHEIRO, B. O. ; MENA-CHALCO, J. P. ; MICHELI, D.		
trabalhoCompletoEmCongresso	Jesus Pascual Mena Chalco	2016	http://dx.doi.org/10.13140/RG.2.1.2416.6008	Caracterização de pesquisadores utilizando indicadores bibliométricos de senioridade e inatividade: um estudo de caso dos Bolsistas de Produtividade 1A-CNPq	5º Encontro Brasileiro de Bibliometria e Cientometria	AKAZAKI, J. M. ; BUENO, L. R. ; MENA-CHALCO, J. P.		
trabalhoCompletoEmCongresso	Jesus Pascual Mena Chalco	2016	http://dx.doi.org/10.1145/3033701.3033703	Acessibilidade de Dispositivos Móveis: Mapeamento de Problemas e Estudo de Gestos de Toque	XV Brazilian Symposium on Human Factors in Computer Systems (IHC 2016)	DAMACENO, R. J. P. ; BRAGA, J. C. ; MENA-CHALCO, J. P.		
trabalhoCompletoEmCongresso	Jesus Pascual Mena Chalco	2016		Caracterização das redes de convites de bancas de defesa de teses e dissertações do Brasil	XVII Encontro Nacional de Pesquisa em Pós-Graduação em Ciência da Informação	RAMOS, D. F. S. ; MENA-CHALCO, J. P.		
trabalhoCompletoEmCongresso	Jesus Pascual Mena Chalco	2015	http://dx.doi.org/10.13140/RG.2.1.3373.4241	Índice-h genealógico expandido: Uma medida de impacto em grafos de orientação acadêmica	Workshop on Social Network Analysis and Mining (BraSNAM 2015)	ROSSI, L. ; MENA-CHALCO, J. P.		
trabalhoCompletoEmCongresso	Jesus Pascual Mena Chalco	2015		Scholarly Collaboration in Regional Science in Developing Countries: The Case of the Brazilian REAL Network	XIII Encontro Nacional da Associação Brasileira de Estudos Regionais e Urbanos	HADDAD, E. A. ; MENA-CHALCO, J. P. ; SIDONE, O. J. G.		
trabalhoCompletoEmCongresso	Jesus Pascual Mena Chalco	2015	http://dx.doi.org/10.13140/RG.2.1.3616.9688	A coautoria acadêmica interprogramas da pós-graduação em ciência da informação: Uma análise baseada em métricas em grafos	XVI Encontro Nacional de Pesquisa em Pós-Graduação em Ciência da Informação	AUTRAN, M. M. M. ; BORGES, M. M. ; MENA-CHALCO, J. P.		
trabalhoCompletoEmCongresso	Jesus Pascual Mena Chalco	2015		O QUALIS/CAPES como indicador qualitativo de comunicação da ciência: análise da produção acadêmica dos programas de pós-graduação em Ciência da Informação	VII Encuentro Ibérico - EDICIC 2015	AUTRAN, M. M. M. ; BORGES, M. M. ; MENA-CHALCO, J. P. ; PINHEIRO, V. G.		
trabalhoCompletoEmCongresso	Jesus Pascual Mena Chalco	2014	http://dx.doi.org/10.13140/RG.2.1.4159.8569	Caracterização de árvores de genealogia acadêmica por meio de métricas em grafos	Brazilian Workshop on Social Network Analysis and Mining (BraSNAM)	ROSSI, L. ; MENA-CHALCO, J. P.		
trabalhoCompletoEmCongresso	Jesus Pascual Mena Chalco	2014	http://dx.doi.org/10.13140/RG.2.1.3635.5681	Comunicação científica no Brasil (1998-2012): infraestrutura nacional e internacionalização	XIII Congreso Internacional de Información INFO´2014	MUGNAINI, R. ; DIGIAMPIETRI, L. A. ; MENA-CHALCO, J. P.		
trabalhoCompletoEmCongresso	Jesus Pascual Mena Chalco	2014	http://dx.doi.org/10.13140/RG.2.1.2062.7046	Caracterização do banco de teses e dissertações da CAPES	4º Encontro Brasileiro de Bibliometria e Cientometria - EBBC	MENA-CHALCO, J. P.; ROCHA, V.		
trabalhoCompletoEmCongresso	Jesus Pascual Mena Chalco	2014	http://dx.doi.org/10.13140/RG.2.1.4290.9283	Análise da atualização dos currículos lattes: Uma análise macro sobre as datas das últimas atualizações dos currículos Lattes	4º Encontro Brasileiro de Bibliometria e Cientometria - EBBC	DIGIAMPIETRI, L. A. ; MUGNAINI, R. ; MENA-CHALCO, J. P. ; DELGADO, K. V. ; PEREZ-ALCAZAR, J.		
trabalhoCompletoEmCongresso	Jesus Pascual Mena Chalco	2013	http://dx.doi.org/10.13140/RG.2.1.3897.7120	Correlation among the scientific production, supervisions and participation in defense examination committees in the Brazilian physicists community	14th International Society of Scientometrics and Informetrics Conference	MUGNAINI, R. ; DIGIAMPIETRI, L. A. ; MENA-CHALCO, J. P.		
trabalhoCompletoEmCongresso	Jesus Pascual Mena Chalco	2013	http://dx.doi.org/10.1109/eScience.2013.32	Using Link Prediction to Estimate the Collaborative Influence of Researchers	2013 IEEE 9th International Conference on eScience (eScience)	PEREZ-CERVANTES, EVELYN ; MENA-CHALCO, JESUS P. ; OLIVEIRA, MARIA CRISTINA F. DE ; CESAR, ROBERTO		
trabalhoCompletoEmCongresso	Jesus Pascual Mena Chalco	2012	http://dx.doi.org/10.13140/RG.2.1.2849.1364	Caracterizando as redes de coautoria de currículos Lattes	Brazilian Workshop on Social Network Analysis and Mining (BraSNAM)	MENA-CHALCO, J. P.; DIGIAMPIETRI, L. A. ; CESAR JUNIOR, R. M.		
trabalhoCompletoEmCongresso	Jesus Pascual Mena Chalco	2012	http://dx.doi.org/10.13140/RG.2.1.1007.8164	Minerando e Caracterizando Dados de Currículos Lattes	Brazilian Workshop on Social Network Analysis and Mining (BraSNAM)	DIGIAMPIETRI, L. A. ; MENA-CHALCO, J. P. ; ALCÁZAR, J. J. P. ; TUESTA, E. F. ; DELGADO, K. V. ; MUGNAINI, R. ; SILVA, G. S.		
trabalhoCompletoEmCongresso	Jesus Pascual Mena Chalco	2012	http://dx.doi.org/10.13140/RG.2.1.3438.9604	Dinâmica das Relações de Coautoria nos Programas de Pós-Graduação em Computação no Brasil	Brazilian Workshop on Social Network Analysis and Mining (BraSNAM)	DIGIAMPIETRI, L. A. ; MENA-CHALCO, J. P. ; SILVA, G. S. ; OLIVEIRA, L. B. ; MALHEIRO, A. P. R. ; MEIRA, D. N. O.		
trabalhoCompletoEmCongresso	Jesus Pascual Mena Chalco	2012	http://dx.doi.org/10.13140/RG.2.1.3307.8880	Análise temporal da relação orientador-orientado: um estudo de caso sobre a produtividade dos pesquisadores doutores da área de Ciência da Computação	Brazilian Workshop on Social Network Analysis and Mining (BraSNAM)	TUESTA, E. F. ; DELGADO, K. V. ; DIGIAMPIETRI, L. A. ; ALCÁZAR, J. J. P. ; MUGNAINI, R. ; MENA-CHALCO, J. P.		
trabalhoCompletoEmCongresso	Jesus Pascual Mena Chalco	2012	http://dx.doi.org/10.13140/RG.2.1.4946.2886	Perfil de Produção Bibliográfica dos Programas Brasileiros de Pós-Graduação em Ciência da Computação	3º Encontro Brasileiro de Bibliometria e Cientometria - EBBC	MENA-CHALCO, J. P.; DIGIAMPIETRI, L. A. ; OLIVEIRA, L. B.		
trabalhoCompletoEmCongresso	Jesus Pascual Mena Chalco	2012	http://dx.doi.org/10.1109/eScience.2012.6404456	Towards a quantitative academic internationalization assessment of Brazilian research groups	2012 IEEE 8th International Conference on EScience (eScience)	PEREZ-CERVANTES, EVELYN ; MENA-CHALCO, JESUS P. ; CESAR-JR, ROBERTO M.		
trabalhoCompletoEmCongresso	Jesus Pascual Mena Chalco	2011	http://dx.doi.org/10.1109/ICIP.2011.6115668	3D Facial expression analysis by using 2D and 3D wavelet transforms	International Conference on Image Processing	PINTO, S. C. D. ; MENA-CHALCO, J. P. ; LOPES, F. M. ; VELHO, L. ; CESAR JUNIOR, R. M.		
trabalhoCompletoEmCongresso	Jesus Pascual Mena Chalco	2011	http://dx.doi.org/10.13140/RG.2.1.1145.2004	Visualização interativa de redes sociais: um estudo de caso em redes de colaboração científica	Simposio Latinoamericano sobre Computación Gráfica	NASCIMENTO, C. S. ; FREITAS, C. M. D. S. ; GALANTE, R. ; NEDEL, L. ; MENA-CHALCO, J. P.		
trabalhoCompletoEmCongresso	Jesus Pascual Mena Chalco	2011	http://dx.doi.org/10.13140/RG.2.1.3963.2482	3D human face reconstruction using principal components spaces	XXIV Sibgrapi ? Conference on Graphics	MENA-CHALCO, J. P.; VELHO, L. ; CESAR JUNIOR, R. M.		
trabalhoCompletoEmCongresso	Jesus Pascual Mena Chalco	2011	http://dx.doi.org/10.13140/RG.2.1.5011.8246	3D facial animation based on structural registration	XXIV Sibgrapi ? Conference on Graphics	MATTOS, A. B. ; MENA-CHALCO, J. P. ; CESAR JUNIOR, R. M.		
trabalhoCompletoEmCongresso	Jesus Pascual Mena Chalco	2011	http://dx.doi.org/10.1109/eScienceW.2011.31	Towards automatic discovery of co-authorship networks in the Brazilian academic areas	Workshop On Measuring the Impact of e-Science Research (MeSR 2011) - In Conjunction with 7th IEEE International Conference on e-Science	MENA-CHALCO, J. P.; CESAR JUNIOR, R. M.		
trabalhoCompletoEmCongresso	Jesus Pascual Mena Chalco	2010	http://dx.doi.org/10.1109/SIBGRAPI.2010.44	3D Linear Facial Animation Based on Real Data	Brazilian Symposium on Computer Graphics and Image Processing SIBGRAPI 2010	MATTOS, A. B. ; MENA-CHALCO, J. P. ; CESAR JUNIOR, R. M. ; VELHO, L.		
trabalhoCompletoEmCongresso	Jesus Pascual Mena Chalco	2010	http://dx.doi.org/10.13140/RG.2.1.2852.3368	Detección de huevos helmintos mediante plantillas dinámicas	XXXVIth Latin American Informatics Conference (XXXVI CLEI)	CHUCTAYA, J. ; MENA-CHALCO, J. P. ; BELTRÁN-CASTAÑÓN, C. ; PATIÑO, R. ; HUMPIRE, G. ; RODRIGUEZ, A.		
trabalhoCompletoEmCongresso	Jesus Pascual Mena Chalco	2010	http://dx.doi.org/10.1109/SCCC.2010.31	A new approach to detect communities in multi-weighted co-authorship networks	XXIX International Conference of the Chilean Computer Science Society	PEREZ, E. ; MENA-CHALCO, J. P.		
trabalhoCompletoEmCongresso	Jesus Pascual Mena Chalco	2009		Estimación de distancias absolutas utilizando un puntero láser y una cámara web	III Simposio Peruano de Computación Gráfica y Procesamiento de Imágenes	PORTUGAL ZAMBRANO, C. ; MENA-CHALCO, J. P.		
trabalhoCompletoEmCongresso	Jesus Pascual Mena Chalco	2008	http://dx.doi.org/10.1109/SIBGRAPI.2008.40	PCA-based 3D face photography	Brazilian Symposium on Computer Graphics and Image Processing	MENA-CHALCO, J. P.; MACÊDO, I. ; VELHO, L. ; CESAR JUNIOR, R. M.		
trabalhoCompletoEmCongresso	Jesus Pascual Mena Chalco	2008		Firmas genéticas en secuencias de ADN: un análisis en regiones codificantes y no codificantes de proteínas	II Simposio Peruano de Computación Gráfica y Procesamiento de Imágenes	MEDINA-RODRIGUEZ, R. ; MENA-CHALCO, J. P.		
trabalhoCompletoEmCongresso	Jesus Pascual Mena Chalco	2006	http://dx.doi.org/10.1109/FGR.2006.66	Human and Machine Recognition of Fourier-Bessel Filtered Face Images	7th IEEE International Conference on Automatic Face and Gesture Recognition	ZANA, Y. ; CESAR JUNIOR, R. M. ; MENA-CHALCO, J. P.		
resumoExpandidoEmCongresso	Jesus Pascual Mena Chalco	2019	Prestígio em grafos de genealogia acadêmica: Uma proposta baseada em PageRank	Brazilian Workshop on Social Network Analysis and Mining, 2019, Belém. Anais do BraSNAM	KAMIENSKI, A. V. ; DAMACENO, R. J. P. ; MENA-CHALCO, J. P.		
resumoExpandidoEmCongresso	Jesus Pascual Mena Chalco	2017	O Paradoxo da Amizade em Grafos de Genealogia Acadêmica: Uma Análise Experimental	Congresso Nacional de Matemática Aplicada e Computacional, 2017, São José dos Campos, SP. Congresso Nacional de Matemática Aplicada e Computacional	PAULA, A. S. ; MENA-CHALCO, J. P.		
resumoExpandidoEmCongresso	Jesus Pascual Mena Chalco	2015	Leadership among the leaders of the Brazilian research groups in Marine Biotechnology	15th INTERNATIONAL CONFERENCE ON SCIENTOMETRICS and INFORMETRICS, 2015, Turquia. Proceedings of ISSI 2015 Istanbul: 15th International Society of Scientometrics and Informetrics Conference, Istanbul, Turkey	FAUSTO, S. ; MENA-CHALCO, J. P.		
resumoExpandidoEmCongresso	Jesus Pascual Mena Chalco	2014	Aos ombros de gigantes: um estudo de genealogia acadêmica dos matemáticos no Brasil	Simpósio de Pesquisa do Grande ABC, 2014, São Bernardo. Simpósio de Pesquisa do Grande ABC	ROSSI, L. ; MENA-CHALCO, J. P.		
resumoExpandidoEmCongresso	Jesus Pascual Mena Chalco	2013	The Dynamics of Multidisciplinary Research Networks - Mining a Public Repository of Scientists CVs	World Social Science Forum 2013 (social transformations and the digital ages), 2013, Canada. World Social Science Forum 2013	MEDEIROS, C. B. ; MENA-CHALCO, J. P.		
resumoExpandidoEmCongresso	Jesus Pascual Mena Chalco	2012	Rede de coautoria acadêmica da UFABC	Simpósio de Pesquisa do Grande ABC, 2012, São Paulo. Simpósio de Pesquisa do Grande ABC	MENA-CHALCO, J. P.; CAPELLE, K. ; DALPIAN, G. M.		
resumoExpandidoEmCongresso	Jesus Pascual Mena Chalco	2012	Interação acadêmica dos docentes do IME-USP no período 2000-2011	VI Simpósio de Iniciação Científica e Pós-Graduação do IME-USP, 2012, São Paulo. VI Simpósio de Iniciação Científica e Pós-Graduação do IME-USP	PEREZ-CERVANTES, E. ; MENA-CHALCO, J. P. ; CESAR JUNIOR, R. M.		
resumoExpandidoEmCongresso	Jesus Pascual Mena Chalco	2011	Rede colaborativa dos pesquisadores dos programas de pós-graduação em fonoaudiologia no Brasil	XII Encontro Nacional de Pesquisa em Ciência da Informação, 2011, Brasília. XII Encontro Nacional de Pesquisa em Ciência da Informação	DANUELLO, J. C. ; MENA-CHALCO, J. P. ; OLIVEIRA, E. F. T.		
resumoExpandidoEmCongresso	Jesus Pascual Mena Chalco	2010	Preliminary results on 3D facial expression analysis using 2D and 3D wavelet transforms	23rd Brazilian Symposium on Computer Graphics and Image Processing SIBGRAPI 2010, 2010, Gramado. 23rd Brazilian Symposium on Computer Graphics and Image Processing SIBGRAPI 2010, Conference Proceedings	PINTO, S. C. D. ; MENA-CHALCO, J. P. ; LOPES, F. M. ; CESAR JUNIOR, R. M.		
resumoExpandidoEmCongresso	Jesus Pascual Mena Chalco	2004	Bioinformatics Tools for Assembling and Analysis of Chloroplast Genomes	International Conference on Bioinformatics and Computational Biology, 2004, Angra dos Reis. Proc. International Conference on Bioinformatics and Computational Biology	MENA-CHALCO, J. P.; ALVES, H. S. ; CARRER, H. ; CESAR JUNIOR, R. M.		
artigoEmPeriodico	Roberto Marcondes Cesar Junior	2022	1664-8021	http://dx.doi.org/10.3389/fgene.2022.815476	Totoro: Identifying Active Reactions During the Transient State for Metabolic Perturbations	Frontiers in Genetics	GALVÃO FERRARINI, MARIANA ; ZISKA, IRENE ; ANDRADE, RICARDO ; JULIEN-LAFERRIÈRE, ALICE ; DUCHEMIN, LOUIS ; CÉSAR, ROBERTO MARCONDES ; MARY, ARNAUD ; VINGA, SUSANA ; SAGOT, MARIE-FRANCE		
artigoEmPeriodico	Roberto Marcondes Cesar Junior	2022	2167-8359	http://dx.doi.org/10.7717/peerj.13470	Automatic detection of the parasite in blood smears using a machine learning approach applied to mobile phone images	PeerJ	MORAIS, MAURO CÉSAR CAFUNDÓ ; SILVA, DIOGO ; MILAGRE, MATHEUS MARQUES ; OLIVEIRA, MAYKON TAVARES DE ; PEREIRA, THAÍS ; SILVA, JOÃO SANTANA ; Costa, Luciano Da F. ; MINOPRIO, PAOLA ; JUNIOR, ROBERTO MARCONDES CESAR ; GAZZINELLI, RICARDO ; DE LANA, MARTA ; NAKAYA, HELDER I.		
artigoEmPeriodico	Roberto Marcondes Cesar Junior	2022	2399-8091	http://dx.doi.org/10.1177/239980832211315	Estimating the effects of urban green regions in terms of diffusion	Environment And Planning B-Urban Analytics And City Science	TOKUDA, E. ; ARRUDA, H. ; Domingues, G ; COSTA, L. F. ; SHIBATA, F. ; Cesar, Roberto M. ; COMIN, CESAR		
artigoEmPeriodico	Roberto Marcondes Cesar Junior	2021	0920-5691	http://dx.doi.org/10.1007/s11263-020-01416-w	A Comprehensive Benchmark Analysis of Single Image Deraining: Current Challenges and Future Perspectives	INTERNATIONAL JOURNAL OF COMPUTER VISION	Li, S ; REN, W. ; Wang, F ; ARAUJO, I. B. ; TOKUDA, ERIC ; Cesar Jr, Roberto M. ; WANG, Z. ; GUO, X. ; CAO, X.		
artigoEmPeriodico	Roberto Marcondes Cesar Junior	2021	2352-9148	http://dx.doi.org/10.1016/j.imu.2021.100544	A framework for automatic hand range of motion evaluation of Rheumatoid Arthritis patients	Informatics in Medicine Unlocked	XAVIER CEJNOG, LUCIANO WALENTY ; DE CAMPOS, TEOFILO ; CARRIL ELUI, VALÉRIA MEIRELLES ; CESAR, ROBERTO MARCONDES		
artigoEmPeriodico	Roberto Marcondes Cesar Junior	2021	1434-6028	http://dx.doi.org/10.1140/epjb/s10051-021-00202-y	Spatial distribution of graffiti types: a complex network approach	EUROPEAN PHYSICAL JOURNAL B	TOKUDA, E. ; ARRUDA, H. ; COMIN, CESAR ; Cesar Jr, Roberto M. ; SILVA, C. ; COSTA, L. F.		
artigoEmPeriodico	Roberto Marcondes Cesar Junior	2020	2374-0353	http://dx.doi.org/10.1145/3397575	A New Approach for Pedestrian Density Estimation Using Moving Sensors and Computer Vision	ACM TRANSACTIONS ON SPATIAL ALGORITHMS AND SYSTEMS	TOKUDA, ERIC K. ; LOCKERMAN, YITZCHAK ; FERREIRA, GABRIEL B. A. ; SORRELGREEN, ETHAN ; BOYLE, DAVID ; CESAR-JR., ROBERTO M. ; SILVA, CLAUDIO T.		
artigoEmPeriodico	Roberto Marcondes Cesar Junior	2020	2504-3900	http://dx.doi.org/10.3390/ecea-5-06669	On the Relationship between City Mobility and Blocks Uniformity	Proceedings	TOKUDA, ERIC ; COMIN, CESAR ; CESAR, ROBERTO ; COSTA, LUCIANO		
artigoEmPeriodico	Roberto Marcondes Cesar Junior	2019	1539-2791	http://dx.doi.org/10.1007/s12021-018-9388-7	Morphological Neuron Classification Based on Dendritic Tree Hierarchy	NEUROINFORMATICS	CERVANTES, EVELYN PEREZ ; COMIN, CESAR HENRIQUE ; JUNIOR, ROBERTO MARCONDES CESAR ; COSTA, LUCIANO DA FONTOURA		
artigoEmPeriodico	Roberto Marcondes Cesar Junior	2017	1077-3142	http://dx.doi.org/10.1016/j.cviu.2016.12.003	Exploring structure for long-term tracking of multiple objects in sports videos	COMPUTER VISION AND IMAGE UNDERSTANDING	MORIMITSU, H. ; BLOCH, Isabelle ; Cesar Jr, Roberto M.		
artigoEmPeriodico	Roberto Marcondes Cesar Junior	2017	0167-8655	http://dx.doi.org/10.1016/j.patrec.2017.10.038	Scalable object instance recognition based on keygraph matching	PATTERN RECOGNITION LETTERS	DAZZI, ESTEPHAN ; DE CAMPOS, TEOFILO ; HILTON, ADRIAN ; CESAR -, ROBERTO M.		
artigoEmPeriodico	Roberto Marcondes Cesar Junior	2016	1556-6013	http://www.scopus.com/scopus/inward/citedby.url?partnerID=bb5nvXTn&rel=R6.0.0&doi=10.1109/tifs.2016.2541611&md5=9becca15d170648fb93cf88156aefc27	Two-Dimensional Wavelet Analysis of Supraorbital Margins of the Human Skull for Characterizing Sexual Dimorphism	IEEE Transactions on Information Forensics and Security	PINTO, S. C. D. ; URBANOVA, P. ; Cesar Jr, Roberto M.		
artigoEmPeriodico	Roberto Marcondes Cesar Junior	2016	1929-1973	http://dx.doi.org/10.5206/tjr.2016.1.4.8	Notes from the Field: The Role of Datasets in Transitional Justice Research: The Case of Brazilian Truth Commission	Transitional Justice Review	MEZAROBBA, GLENDA ; Cesar, Roberto M.		
artigoEmPeriodico	Roberto Marcondes Cesar Junior	2016	0143-1161	http://www.scopus.com/scopus/inward/citedby.url?partnerID=bb5nvXTn&rel=R6.0.0&doi=10.1080/01431161.2016.1201227&md5=ef871836bd110cd0cbea6ad1d6480b18	A two-level Markov random field for road network extraction and its application with optical, SAR, and multitemporal data	International Journal of Remote Sensing (Print)	PERCIANO, T. ; TUPIN, F. ; HIRATA JR., R. ; Cesar Jr, Roberto M.		
artigoEmPeriodico	Roberto Marcondes Cesar Junior	2015	1471-2105	http://dx.doi.org/10.1186/s12859-015-0452-0	Data-intensive analysis of HIV mutations	BMC Bioinformatics	OZAHATA, MINA CINTHO ; SABINO, ESTER CERDEIRA ; DIAZ, RICARDO SOBHIE ; CESAR-JR, ROBERTO M ; FERREIRA, JOÃO EDUARDO		
artigoEmPeriodico	Roberto Marcondes Cesar Junior	2015	1541-5856	http://www.scopus.com/scopus/inward/citedby.url?partnerID=bb5nvXTn&rel=R6.0.0&doi=10.1002/lom3.10058&md5=80803338231057a3f3989ecf2dc6361a	Visual rhythm for particle analysis in sample-in-flow systems: Application for continuous plankton monitoring	Limnology and Oceanography, Methods	MATUSZEWSKI, DAMIAN J. ; Cesar, Roberto M. ; STRICKLER, J. RUDI ; BALDASSO, LUIS F. ; LOPES, RUBENS M.		
artigoEmPeriodico	Roberto Marcondes Cesar Junior	2014	0378-1119	http://www.scopus.com/scopus/inward/citedby.url?partnerID=bb5nvXTn&rel=R6.0.0&doi=10.1016/j.gene.2014.03.010&md5=d7d79a633825159525a4dd2f9bdb19f9	Entropic Biological Score: a cell cycle investigation for GRN inference	Gene (Amsterdam)	Lopes, Fabrício M. ; RAY, SHUBHRA SANKAR ; HASHIMOTO, RONALDO F. ; Cesar, Roberto M.		
artigoEmPeriodico	Roberto Marcondes Cesar Junior	2014	0020-0255	http://www.scopus.com/scopus/inward/citedby.url?partnerID=bb5nvXTn&rel=R6.0.0&doi=10.1016/j.ins.2014.02.096&md5=d4d69fcc4cc7c1f2d32e15e8968e4520	A feature selection technique for inference of graphs from their known topological properties: Revealing scale-free gene regulatory networks	Information Sciences	Lopes, Fabrício M. ; MARTINS JR, David Corrêa ; BARRERA, Junior ; CESAR JUNIOR, R. M.		
artigoEmPeriodico	Roberto Marcondes Cesar Junior	2014	2330-1635	http://www.scopus.com/scopus/inward/citedby.url?partnerID=bb5nvXTn&rel=R6.0.0&doi=10.1002/asi.23010&md5=f6c662dd3c6149b609bbf713251e20c0	Brazilian bibliometric coauthorship networks	Journal of the Association for Information Science and Technology	MENA-CHALCO, JESÚS PASCUAL ; DIGIAMPIETRI, LUCIANO ANTONIO ; LOPES, Fabrício M. ; CESAR JUNIOR, R. M.		
artigoEmPeriodico	Roberto Marcondes Cesar Junior	2013	1742-206X	http://dx.doi.org/10.1039/c3mb25475e	A methodology to infer gene networks from spatial patterns of expression - An application to fuorescence insitu hybridization images	Molecular Biosystems (Print)	CAMPITELI, MONICA GUIMARÃES ; COMIN, CESAR HENRIQUE ; COSTA, LUCIANO DA FONTOURA ; BABU, MADAN ; Cesar, Roberto Marcondes		
artigoEmPeriodico	Roberto Marcondes Cesar Junior	2013	0020-0255	http://www.scopus.com/scopus/inward/citedby.url?partnerID=bb5nvXTn&rel=R6.0.0&doi=10.1016/j.ins.2012.10.027&md5=b90df2f7adcfba5dae16ba5ac041d52c	Signal propagation in Bayesian networks and its relationship with intrinsically multivariate predictive variables	Information Sciences	Martins, David C. ; DE OLIVEIRA, EVALDO A. ; BRAGA-NETO, ULISSES M. ; HASHIMOTO, RONALDO F. ; Cesar, Roberto M.		
artigoEmPeriodico	Roberto Marcondes Cesar Junior	2012	0031-3203	http://www.scopus.com/scopus/inward/citedby.url?partnerID=bb5nvXTn&rel=R6.0.0&doi=10.1016/j.patcog.2011.06.016&md5=5598667830e6126aca2058c1cc4d0e27	Modeling and measuring the spatial relation ¿along¿: Regions, contours and fuzzy sets	Pattern Recognition	TAKEMURA, Celina Maki ; Cesar, Roberto M. ; BLOCH, Isabelle		
artigoEmPeriodico	Roberto Marcondes Cesar Junior	2012	0031-3203	http://www.scopus.com/scopus/inward/citedby.url?partnerID=bb5nvXTn&rel=R6.0.0&doi=10.1016/j.patcog.2011.08.017&md5=b961eebb214fc779eaffe79432e0dde0	Interactive image segmentation by matching attributed relational graphs	Pattern Recognition	Noma, Alexandre ; Graciano, Ana B.V. ; Cesar Jr, Roberto M. ; Consularo, Luis A. ; BLOCH, Isabelle		
artigoEmPeriodico	Roberto Marcondes Cesar Junior	2012	1471-2164	http://www.scopus.com/scopus/inward/citedby.url?partnerID=bb5nvXTn&rel=R6.0.0&doi=10.1186/1471-2164-13-s6-s7&md5=384d0c3dfd87eed8a1694f1e182e7625	Assessing the gain of biological data integration in gene networks inference	BMC Genomics	VICENTE, FÁBIO FR ; LOPES, FABRÍCIO M ; HASHIMOTO, RONALDO F ; Cesar, Roberto M		
artigoEmPeriodico	Roberto Marcondes Cesar Junior	2011	1066-5277	http://www.scopus.com/scopus/inward/citedby.url?partnerID=bb5nvXTn&rel=R6.0.0&doi=10.1089/cmb.2010.0118&md5=8e407ad3e4fcb2aea3f61fc025e5f829	Gene Expression Complex Networks: Synthesis, Identification, and Analysis	Journal of Computational Biology	Lopes, Fabrício M. ; Cesar, Roberto M. ; Costa, Luciano Da F.		
artigoEmPeriodico	Roberto Marcondes Cesar Junior	2011	0167-8655	http://www.scopus.com/scopus/inward/citedby.url?partnerID=bb5nvXTn&rel=R6.0.0&doi=10.1016/j.patrec.2010.02.016&md5=f45ca8e1bc8362f967f1974bd24da24e	Structural matching of 2D electrophoresis gels using deformed graphs	Pattern Recognition Letters	Noma, Alexandre ; Pardo, Alvaro ; Cesar Jr., Roberto M.		
artigoEmPeriodico	Roberto Marcondes Cesar Junior	2011	1752-0509	http://www.scopus.com/scopus/inward/citedby.url?partnerID=bb5nvXTn&rel=R6.0.0&doi=10.1186/1752-0509-5-61&md5=8e6cda483675501d85255ad1fa2d1d7c	Inference of gene regulatory networks from time series by Tsallis entropy	BMC Systems Biology	Lopes, Fabrício ; de Oliveira, Evaldo A ; Cesar, Roberto M		
artigoEmPeriodico	Roberto Marcondes Cesar Junior	2009	0165-0270	http://www.scopus.com/scopus/inward/citedby.url?partnerID=bb5nvXTn&rel=R6.0.0&doi=10.1016/j.jneumeth.2008.10.037&md5=52f27479e91ca4329a9508ddc1aaf0cb	Automatic contour extraction from 2D neuron images	Journal of Neuroscience Methods	LEANDRO, J ; CESARJR, R ; COSTA, L		
artigoEmPeriodico	Roberto Marcondes Cesar Junior	2009	1047-3203	http://www.scopus.com/scopus/inward/citedby.url?partnerID=bb5nvXTn&rel=R6.0.0&doi=10.1016/j.jvcir.2009.01.002&md5=528ec48423ce8abe980e5f8745b47c82	Generating segmented meshes from textured color images	Journal of Visual Communication and Image Representation	LIZIER, M. A. ; MARTINS JR, D C ; CUADROS-VARGAS, A. J. ; CESAR JUNIOR, R. M. ; NONATO, L. G.		
artigoEmPeriodico	Roberto Marcondes Cesar Junior	2009	0178-2789	http://www.scopus.com/scopus/inward/citedby.url?partnerID=bb5nvXTn&rel=R6.0.0&doi=10.1007/s00371-009-0373-x&md5=3f12c6858ede35ffa78faba21090bffe	3D face computational photography using PCA spaces	The Visual Computer	Mena-Chalco, Jesús P. ; Macêdo, Ives ; Velho, Luiz ; Cesar, Roberto M.		
artigoEmPeriodico	Roberto Marcondes Cesar Junior	2009	0104-6500	http://www.scopus.com/scopus/inward/citedby.url?partnerID=bb5nvXTn&rel=R6.0.0&doi=10.1590/s0104-65002009000400004&md5=c059e835002814eaa3c359c83b2e4542	ScriptLattes: an open-source knowledge extraction system from the Lattes platform	Journal of the Brazilian Computer Society (Impresso)	Mena-Chalco, Jesús Pascual ; Cesar Junior, Roberto Marcondes		
artigoEmPeriodico	Roberto Marcondes Cesar Junior	2009	0100-879X	http://www.scopus.com/scopus/inward/citedby.url?partnerID=bb5nvXTn&rel=R6.0.0&doi=10.1590/s0100-879x2009000700008&md5=70f9355b085835c3ad0cd8667b7d2f07	A novel polar-based human face recognition computational model	Brazilian Journal of Medical and Biological Research (Impresso)	ZANA, Y. ; MENA-CHALCO, J. P. ; CESAR JUNIOR, R. M.		
artigoEmPeriodico	Roberto Marcondes Cesar Junior	2008	1471-2105	http://www.scopus.com/scopus/inward/citedby.url?partnerID=bb5nvXTn&rel=R6.0.0&doi=10.1186/1471-2105-9-451&md5=e2f4a11882cba971f419a6b78ab88420	Feature selection environment for genomic applications	BMC Bioinformatics	Lopes, Fabricio M. ; Martins, David C. ; Cesar, Roberto M.		
artigoEmPeriodico	Roberto Marcondes Cesar Junior	2008	1545-5963	http://www.scopus.com/scopus/inward/citedby.url?partnerID=bb5nvXTn&rel=R6.0.0&doi=10.1109/tcbb.2007.70259&md5=85685437d3fd06780547d0ef3a882c53	Identification of Protein Coding Regions Using the Modified Gabor-Wavelet Transform	IEEE/ACM Transactions on Computational Biology and Bioinformatics (Print)	Mena-Chalco, J.P. ; CARRER, H. ; Zana, Y. ; CESAR JUNIOR, R. M.		
artigoEmPeriodico	Roberto Marcondes Cesar Junior	2007	1471-2105	http://www.scopus.com/scopus/inward/citedby.url?partnerID=bb5nvXTn&rel=R6.0.0&doi=10.1186/1471-2105-8-169&md5=00eaca73a84aeebc4374e88eab24e703	A feature selection approach for identification of signature genes from SAGE data	BMC Bioinformatics	BARRERA, J ; CESAR JUNIOR, R. M. ; HUMES JR., C. ; MARTINS JR, D C ; PATRAO, D. F. C. ; SILVA, P J S ; BRENTANI, H		
artigoEmPeriodico	Roberto Marcondes Cesar Junior	2007	1084-7529	http://www.scopus.com/scopus/inward/citedby.url?partnerID=bb5nvXTn&rel=R6.0.0&doi=10.1364/josaa.24.001448&md5=8fab840f4b6579f26b7651276bd65e02	Automated segmentation of retinal blood vessels and identification of proliferative diabetic retinopathy	Journal of the Optical Society of America. A, Optics Image Science and Vision	Jelinek, Herbert F. ; Cree, Michael J. ; Leandro, Jorge J. G. ; Soares, João V. B. ; Cesar, Roberto M. ; Luckie, A.		
artigoEmPeriodico	Roberto Marcondes Cesar Junior	2006	1544-3558	http://www.scopus.com/scopus/inward/citedby.url?partnerID=bb5nvXTn&rel=R6.0.0&doi=10.1145/1119766.1119771&md5=de59ebb779f7068186f71220c41e3032	Face recognition based on polar frequency features	ACM Transactions on Applied Perception	ZANA, Yossi ; Cesar, Roberto M.		
artigoEmPeriodico	Roberto Marcondes Cesar Junior	2006	0262-8856	http://www.scopus.com/scopus/inward/citedby.url?partnerID=bb5nvXTn&rel=R6.0.0&doi=10.1016/j.imavis.2006.02.014&md5=ac287a41fe8e6eb862c8340750677ba0	Local approach for face verification in polar frequency domain	Image and Vision Computing	ZANA, Y ; CESARJR, R ; FERIS, R ; TURK, M		
artigoEmPeriodico	Roberto Marcondes Cesar Junior	2006	1433-7541	http://www.scopus.com/scopus/inward/citedby.url?partnerID=bb5nvXTn&rel=R6.0.0&doi=10.1007/s10044-006-0031-0&md5=859fa5c7e157199f110907c3f4a7e62a	W-operator Window Design by Minimization of Mean Conditional Entropy	Pattern Analysis and Applications	MARTINS JR, D C ; CESAR JUNIOR, R. M. ; BARRERA, J		
artigoEmPeriodico	Roberto Marcondes Cesar Junior	2006	1083-4419	http://www.scopus.com/scopus/inward/citedby.url?partnerID=bb5nvXTn&rel=R6.0.0&doi=10.1109/tsmcb.2005.857095&md5=34a99c9a861ecea583b02d8607bf2947	On the ternary spatial relation "Between"	IEEE Transactions on Systems, Man and Cybernetics. Part B, Cybernetics	BLOCH, Isabelle ; COLLIOT, O ; CESAR JUNIOR, R. M.		
artigoEmPeriodico	Roberto Marcondes Cesar Junior	2006	0278-0062	http://www.scopus.com/scopus/inward/citedby.url?partnerID=bb5nvXTn&rel=R6.0.0&doi=10.1109/tmi.2006.879967&md5=6ad7e126bf78bc0bf25eac7675872825	Retinal vessel segmentation using the 2-D Gabor wavelet and supervised classification	IEEE Transactions on Medical Imaging (Print)	Soares, J.V.B. ; LEANDRO, J. J. G. ; CESAR JUNIOR, R. M. ; Jelinek, H.F. ; Cree, M.J.		
artigoEmPeriodico	Roberto Marcondes Cesar Junior	2005	0002-9483	http://www.scopus.com/scopus/inward/citedby.url?partnerID=bb5nvXTn&rel=R6.0.0&doi=10.1002/ajpa.20209&md5=b1fdc08df8b514f836291f671c16d814	Sexual dimorphism in the Japanese cranial base: A Fourier-wavelet representation	American Journal of Physical Anthropology	Lestrel, P.E. ; Cesar, R.M. ; TAKAHASHI, O. ; KANAZAWA, E.		
artigoEmPeriodico	Roberto Marcondes Cesar Junior	2005	0031-3203	http://www.scopus.com/scopus/inward/citedby.url?partnerID=bb5nvXTn&rel=R6.0.0&doi=10.1016/j.patcog.2005.05.007&md5=30f0b1eb4b13d9e41123d5197cf3aae9	Inexact graph matching for model-based recognition: Evaluation and comparison of optimization algorithms	Pattern Recognition	CESARJR, R; BENGOETXEA, E ; BLOCH, I ; LARRANAGA, P		
artigoEmPeriodico	Roberto Marcondes Cesar Junior	2005	1320-0682	http://www.scopus.com/scopus/inward/citedby.url?partnerID=bb5nvXTn&rel=R6.0.0&doi=null&md5=f8a2d9f8af7e0fb17f9968fbbee28b49	Development of retinal blood vessel segmentation methodology using wavelet transforms for assessment of diabetic retinopathy	Complexity International	CORNFORTH, D. ; JELINEK, H. ; LEANDRO, J. J. G. ; SOARES, J. V. B. ; CESAR JUNIOR, R. M. ; CREE, M ; MITCHELL, P ; BOSSOMAIER, T		
artigoEmPeriodico	Roberto Marcondes Cesar Junior	2004	0010-4825	http://www.scopus.com/scopus/inward/citedby.url?partnerID=bb5nvXTn&rel=R6.0.0&doi=10.1016/s0010-4825(03)00073-8&md5=1c26729d40b3e3abd3d86033a5dbff46	An environment for knowledge discovery in biology	Computers in Biology and Medicine	BARRERA, J ; CESAR JUNIOR, R. M. ; FERREIRA, J e ; GUBITOSO, M D		
artigoEmPeriodico	Roberto Marcondes Cesar Junior	2004	1077-2014	http://www.scopus.com/scopus/inward/citedby.url?partnerID=bb5nvXTn&rel=R6.0.0&doi=10.1016/j.rti.2004.05.006&md5=213936dab022d230ee55f229a380f6ae	Morphometrical Data Analysis using Wavelets	Real-Time Imaging	TAKEMURA, Celina Maki ; CESAR JUNIOR, R. M. ; ARANTES, R. A. T. ; COSTA, L. da F. ; HINGST-ZAHER, E. ; BONATO, V. ; REIS, S. F. dos		
artigoEmPeriodico	Roberto Marcondes Cesar Junior	2004	0219-6352	http://www.scopus.com/scopus/inward/citedby.url?partnerID=bb5nvXTn&rel=R6.0.0&doi=10.1142/s0219635204000634&md5=f0cec1a73a11bb03af410051735b3831	Automated Morphometric Analysis of the Cat Retinal $\alpha$/Y, $\beta$/X and $\delta$ Ganglion Cells using Wavelet Statistical Moment and Clustering Algorithms	Journal of Integrative Neuroscience	LEANDRO, J. J. G. ; JELINEK, H. ; CESAR JUNIOR, R. M. ; SPENCE, I		
artigoEmPeriodico	Roberto Marcondes Cesar Junior	2004	1077-2014	http://www.scopus.com/scopus/inward/citedby.url?partnerID=bb5nvXTn&rel=R6.0.0&doi=10.1016/j.rti.2004.06.002&md5=3e3a9dabd7cf726efced3592d8b4ac53	A wavelet subspace method for real-time face tracking	Real-Time Imaging	FERIS, R ; KRUEGER, V ; CESARJR, R		
artigoEmPeriodico	Roberto Marcondes Cesar Junior	2004	0165-0114	http://www.scopus.com/scopus/inward/citedby.url?partnerID=bb5nvXTn&rel=R6.0.0&doi=10.1016/j.fss.2003.07.003&md5=dd6ebedcd551cbb573fc647f0b143a36	Approximate reflectional symmetries of fuzzy objects with an application in model-based object recognition	Fuzzy Sets and Systems	COLLIOT, O ; TUZIKOV, A ; CESAR JUNIOR, R. M. ; BLOCH, Isabelle		
artigoEmPeriodico	Roberto Marcondes Cesar Junior	2003	1051-2004	http://www.scopus.com/scopus/inward/citedby.url?partnerID=bb5nvXTn&rel=R6.0.0&doi=10.1016/s1051-2004(02)00012-x&md5=a564be246a86fbdd870cd28f7924346e	1d And 2d Fourier-Based Approaches To Numeric Curvature Estimation And Their Comparative Performance Assessment	Digital Signal Processing	L. F. Estrozi ; L. G. Rios ; A. G. Campos ; CESAR JUNIOR, R. M. ; COSTA, L. da F.		
artigoEmPeriodico	Roberto Marcondes Cesar Junior	2003	0304-4165	http://www.scopus.com/scopus/inward/citedby.url?partnerID=bb5nvXTn&rel=R6.0.0&doi=10.1016/s0304-4165(02)00446-4&md5=e533898d90cea51479ac874f148a752d	A comparative analysis of structure and spatial distribution of decorin in human leiomyoma and normal myometrium	Biochimica et Biophysica Acta. G, General Subjects	BERTO, A. G. A. ; SAMPAIO, L. O. ; FRANCO, C. R. C. ; CESAR JUNIOR, R. M. ; MICHELACCI, Y.m.		
artigoEmPeriodico	Roberto Marcondes Cesar Junior	2003	1389-1987	http://www.scopus.com/scopus/inward/citedby.url?partnerID=bb5nvXTn&rel=R6.0.0&doi=10.1023/a:1024112215968&md5=c15cb6e518b5214608c3f7ec948f9f78	Exploring the structure-function relationship of cat retinal ganglion cells using wavelets	Brain and Mind (Dordrecht)	JELINEK, H. ; CESAR JUNIOR, R. M. ; LEANDRO, J. J. G.		
artigoEmPeriodico	Roberto Marcondes Cesar Junior	2002	1066-5277	http://www.scopus.com/scopus/inward/citedby.url?partnerID=bb5nvXTn&rel=R6.0.0&doi=10.1089/10665270252833217&md5=5643e4786da950ee718475589b61ba4e	Inference from Clustering with Application to Gene-Expression Microarrays	Journal of Computational Biology	Dougherty, Edward R. ; Barrera, Junior ; Brun, Marcel ; Kim, Seungchan ; Cesar, Roberto M. ; Chen, Yidong ; Bittner, Michael ; Trent, Jeffrey M.		
artigoEmPeriodico	Roberto Marcondes Cesar Junior	2002	0103-4308		Robótica, sistemas sensorial e motor: principais tendências e direções	Revista de Informática Teórica e Aplicada	CESAR JUNIOR, R. M.; GONÇALVES, L. M. G.		
artigoEmPeriodico	Roberto Marcondes Cesar Junior	2001	0922-6443	http://www.scopus.com/scopus/inward/citedby.url?partnerID=bb5nvXTn&rel=R6.0.0&doi=10.1023/a:1011139203654&md5=00bad467d8332da029e6f9e94dcb8f7b	Synergos - Synergetic Vision Research	Real-Time Systems	CESAR JUNIOR, R. M.; COSTA, L. da F. ; CONSULARO, L.a. ; O. M. Bruno		
artigoEmPeriodico	Roberto Marcondes Cesar Junior	2000	1081-0625		Reviewing Vision in the WWW	InterJournal (Online)	CESAR JUNIOR, R. M.; COSTA, L. da F.		
artigoEmPeriodico	Roberto Marcondes Cesar Junior	1999	0165-0270	http://www.scopus.com/scopus/inward/citedby.url?partnerID=bb5nvXTn&rel=R6.0.0&doi=10.1016/s0165-0270(99)00120-x&md5=aa57da7a86548b5db8eab90f870b2f2c	Dendrogram Generation for Neural Shape Analysis	Journal of Neuroscience Methods	CESAR JUNIOR, R. M.; COSTA, L. da F.		
artigoEmPeriodico	Roberto Marcondes Cesar Junior	1998	1110-8657		Review Of The Book "Digital Image Processing", By K.R. Castleman	EURASIP Journal on Applied Signal Processing	CESAR JUNIOR, R. M.; COSTA, L. da F.		
artigoEmPeriodico	Roberto Marcondes Cesar Junior	1998	0340-1200	http://www.scopus.com/scopus/inward/citedby.url?partnerID=bb5nvXTn&rel=R6.0.0&doi=10.1007/s004220050484&md5=a46afa1e1b0a4d29727109bad0195f4e	Neural Cell Classification Using Wavelets And Multiscale Curvature	Biological Cybernetics	CESAR JUNIOR, R. M.; COSTA, L. da F.		
artigoEmPeriodico	Roberto Marcondes Cesar Junior	1997	0925-2312		Review Of The Book "An Introduction To Neural Networks" By J. Anderson	Neurocomputing (Amsterdam)	CESAR JUNIOR, R. M.; COSTA, L. da F.		
artigoEmPeriodico	Roberto Marcondes Cesar Junior	1997	0034-6748	http://www.scopus.com/scopus/inward/citedby.url?partnerID=bb5nvXTn&rel=R6.0.0&doi=10.1063/1.1148112&md5=0a27d8babcb6d9d8eeae3e5f3e9581c7	Application And Assessment Of Multiscale Bending Energy For Morphometric Characterization Of Neural Cells	Review of Scientific Instruments	CESAR JUNIOR, R. M.; COSTA, L. da F.		
artigoEmPeriodico	Roberto Marcondes Cesar Junior	1997	0165-1684	http://www.scopus.com/scopus/inward/citedby.url?partnerID=bb5nvXTn&rel=R6.0.0&doi=10.1016/s0165-1684(97)00129-1&md5=baadff7242e88327fb761b716b57c175	Shape Characterization With The Wavelet Transform	Signal Processing	ANTOINE, J. -. ; CESAR JUNIOR, R. M. ; BARACHE, D. ; COSTA, L. da F.		
artigoEmPeriodico	Roberto Marcondes Cesar Junior	1996	0031-3203	http://www.scopus.com/scopus/inward/citedby.url?partnerID=bb5nvXTn&rel=R6.0.0&doi=10.1016/0031-3203(96)00007-6&md5=c5f18ad9edd6cabd50d1d1934bf546ca	Towards Effective Planar Shape Representation With Multiscale Digital Curvature Analysis Based On Signal Processing Techniques	Pattern Recognition	CESAR JUNIOR, R. M.; COSTA, L. da F.		
artigoEmPeriodico	Roberto Marcondes Cesar Junior	1995	1077-2014	http://www.scopus.com/scopus/inward/citedby.url?partnerID=bb5nvXTn&rel=R6.0.0&doi=10.1006/rtim.1995.1042&md5=66947ef2df461d727376bfeaa985dae0	Piecewise Linear Segmentation Of Digital Contours In O(N.Log(N)) Through A Technique Based On Effective Digital Curvature Estimation	Real-Time Imaging	CESAR JUNIOR, R. M.; COSTA, L. da F.		
artigoEmPeriodico	Roberto Marcondes Cesar Junior	1995	1077-2014	http://dx.doi.org/10.1006/rtim.1995.1045	A Pragmatic Introduction To Computer Vision: Review Of The Book Machine Vision By R. Jain, R. Kasturi And B.G. Schunck	Real-Time Imaging	CESAR JUNIOR, R. M.; COSTA, L. da F.		
artigoEmPeriodico	Roberto Marcondes Cesar Junior	1990	0102-0811		Um algoritmo para simulação de um fenômeno de agregação que gera figuras com estruturas fractais	Revista de Matemática e Estatística	CESAR JUNIOR, R. M		
trabalhoCompletoEmCongresso	Roberto Marcondes Cesar Junior	2020		The Impact of Real Rain in a Vision Task	Real-World Computer Vision from Inputs with Limited Quality (RLQ) Workshop - ECCV	ARAUJO, I. B. ; TOKUDA, E. ; CESAR JUNIOR, R. M.		
trabalhoCompletoEmCongresso	Roberto Marcondes Cesar Junior	2020		Template-Based Graph Clustering	European Conference on Machine Learning and Principles and Practice of Knowledge Discovery in Databases - ECML	RIVA, M. ; YGER, F. ; GORI, P. ; CESAR JUNIOR, R. M. ; BLOCH, Isabelle		
trabalhoCompletoEmCongresso	Roberto Marcondes Cesar Junior	2019		Single Image Deraining: A Comprehensive Benchmark Analysis	Computer Vision and Pattern Recognition Conference - CVPR 2019	LI, S. ; ARAUJO, I. B. ; REN, W. ; WANG, Z. ; TOKUDA, E. ; HIRATA JR., R. ; Cesar Jr, Roberto M. ; ZHANG, J. ; GUO, X. ; CAO, X.		
trabalhoCompletoEmCongresso	Roberto Marcondes Cesar Junior	2019		Quantifying the presence of graffiti in urban environments	The 6th IEEE International Conference on Big Data and Smart Computing	TOKUDA, E. ; Cesar Jr, Roberto M. ; SILVA, C.		
trabalhoCompletoEmCongresso	Roberto Marcondes Cesar Junior	2019	http://dx.doi.org/10.1109/fg.2019.8756535	Hand range of motion evaluation for Rheumatoid Arthritis patients	2019 14th IEEE International Conference on Automatic Face & Gesture Recognition (FG 2019)	XAVIER CEJNOG, LUCIANO WALENTY ; MARCONDES CESAR, ROBERTO ; DE CAMPOS, TEOFILO E. ; MEIRELLES CARRIL ELUI, VALERIA		
trabalhoCompletoEmCongresso	Roberto Marcondes Cesar Junior	2019	http://dx.doi.org/10.5753/sibgrapi.est.2019.8322	Object-based Method for Identifying New Constructions around Water Reservoirs: Preliminary Results	XXXII Conference on Graphics	HAMIDISHAD, NAYEREH ; JUNIOR, ROBERTO CESAR		
trabalhoCompletoEmCongresso	Roberto Marcondes Cesar Junior	2018		A novel semi-supervised detection approach with weak annotation	2018 IEEE Southwest Symposium on Image Analysis and Interpretation (SSIAI)	TOKUDA, E. ; FERREIRA, G. B. A. ; Cesar Jr, Roberto M. ; SILVA, C.		
trabalhoCompletoEmCongresso	Roberto Marcondes Cesar Junior	2018		Hand pose estimation for injured hands	Workshop Works in Progress - Sibgrapi 2018	CEJNOG, L. ; Cesar Jr, Roberto M. ; CAMPOS, T. E. ; ELUI, V.		
trabalhoCompletoEmCongresso	Roberto Marcondes Cesar Junior	2018		A Structural Graph-Based Method for MRI Analysis	Workshop Works in Progress - Sibgrapi	RIVA, M. ; PENTEADO, L. ; Cesar Jr, Roberto M. ; TAKAHASHI, M. S. ; SUZUKI, L. ; MOREIRA FILHO, C. A.		
trabalhoCompletoEmCongresso	Roberto Marcondes Cesar Junior	2018		Identificação automática de pichação a partir de imagens urbanas	Workshop Works in Progress - Sibgrapi	TOKUDA, E. ; SILVA, C. ; Cesar Jr, Roberto M.		
trabalhoCompletoEmCongresso	Roberto Marcondes Cesar Junior	2016		Averaging Gone Wrong: Using Time-Aware Analyses to Better Understand Behavior	25th International Conference on World Wide Web	BARBOSA, S. ; COSLEY, D. ; SHARMA, A. ; Cesar Jr., R.M.		
trabalhoCompletoEmCongresso	Roberto Marcondes Cesar Junior	2016		Data-oriented neuron classification from their parts	IEEE eScience Conference	CERVANTES, E. P. ; COMIN, CESAR HENRIQUE ; Costa, Luciano Da F. ; Cesar Jr., R.M.		
trabalhoCompletoEmCongresso	Roberto Marcondes Cesar Junior	2016		Efficient Object Recognition Using Sampling of Keypoint Triples and Keygraph Structure	XXIV Sibgrapi 2016	DAZZI, E. ; T. E. Campos ; HILTON, A. ; Cesar Jr., R.M.		
trabalhoCompletoEmCongresso	Roberto Marcondes Cesar Junior	2015		Using Text Similarity to Detect Social Interactions not Captured by Formal Reply Mechanisms	IEEE eScience Conference	BARBOSA, S. ; Cesar Jr, Roberto M. ; COSLEY, D.		
trabalhoCompletoEmCongresso	Roberto Marcondes Cesar Junior	2015		Attributed Graphs for Tracking Multiple Objects in Structured Sports Videos	International Conference on Computer Vision Workshops - CVsports	MORIMITSU, H. ; CESAR-JR, ROBERTO M. ; BLOCH, Isabelle		
trabalhoCompletoEmCongresso	Roberto Marcondes Cesar Junior	2014		Improved object matching using structural relations	IAPR Statistical	DAZZI, E. ; T. E. Campos ; Cesar Jr, Roberto M.		
trabalhoCompletoEmCongresso	Roberto Marcondes Cesar Junior	2014		A Spatio-Temporal Approach for Multiple Object Detection in Videos Using Graphs and Probability Maps	International Conference on Image Analysis and Recognition - ICIAR 2014	MORIMITSU, H. ; Cesar Jr, Roberto M. ; BLOCH, Isabelle		
trabalhoCompletoEmCongresso	Roberto Marcondes Cesar Junior	2013		Visual Rhythm-based method for continuous plankton monitoring	IEEE eScience Conference	MATUSZEWSKI, D. J. ; LOPES, R. M. ; CESAR-JR, ROBERTO M.		
trabalhoCompletoEmCongresso	Roberto Marcondes Cesar Junior	2013	http://dx.doi.org/10.1109/eScience.2013.32	Using Link Prediction to Estimate the Collaborative Influence of Researchers	2013 IEEE 9th International Conference on eScience (eScience)	PEREZ-CERVANTES, EVELYN ; MENA-CHALCO, JESUS P. ; OLIVEIRA, MARIA CRISTINA F. DE ; CESAR, ROBERTO		
trabalhoCompletoEmCongresso	Roberto Marcondes Cesar Junior	2013		Shape Analysis using the Spectral Graph Wavelet Transform	IEEE eScience Conference	Leandro, Jorge J. G. ; Cesar Jr, Roberto M. ; FERIS, Rogério S.		
trabalhoCompletoEmCongresso	Roberto Marcondes Cesar Junior	2012		Visual rhythm-based plankton detection method for ballast water quality assessment	IEEE ICIP	MATUSZEWSKI, D. J. ; MARTINS, C. I. O. ; Cesar Jr., R.M. ; STRICKLER, R. ; LOPES, R. M.		
trabalhoCompletoEmCongresso	Roberto Marcondes Cesar Junior	2012		Data-intensive analysis of HIV mutations	IEEE International Conference on e-science	CINTHO, M. ; FERREIRA, J e ; Cesar Jr., Roberto M.		
trabalhoCompletoEmCongresso	Roberto Marcondes Cesar Junior	2012		Data-Oriented Research for Bioresource Utilization:a Case Study to Investigate Water Uptake in Cellulose Using Principal Components	IEEE International Conference on e-science	LIU, Y. ; DRIEMEIER, C. ; Cesar Jr., Roberto M.		
trabalhoCompletoEmCongresso	Roberto Marcondes Cesar Junior	2012	http://dx.doi.org/10.1109/eScience.2012.6404456	Towards a quantitative academic internationalization assessment of Brazilian research groups	2nd workshop on Analyzing and Improving Collaborative eScience with Social Networks - IEEE eScience - 2012	PEREZ-CERVANTES, EVELYN ; MENA-CHALCO, JESUS P. ; CESAR-JR, ROBERTO M.		
trabalhoCompletoEmCongresso	Roberto Marcondes Cesar Junior	2011		Keygraphs for Sign Detection in Indoor Environments by Mobile Phones	8th IAPR-TC-15 Workshop on Graph-based Representations in Pattern Recognition	MORIMITSU, H. ; PIMENTEL, R. ; HIRATA JR., R. ; CESAR JUNIOR, R. M.		
trabalhoCompletoEmCongresso	Roberto Marcondes Cesar Junior	2011		Segmentation of Similar Images using Graph Matching and Community Detection	8th IAPR-TC-15 Workshop on Graph-based Representations in Pattern Recognition	MARTINS, C. I. O. ; CESAR JUNIOR, R. M. ; FREITAS, A. V. L. ; JORGE, L. R. ; Leandro, Jorge J. G.		
trabalhoCompletoEmCongresso	Roberto Marcondes Cesar Junior	2011		A hierarchical Markov random field for road network extraction and its applicationwith optical and sar data	2011 IEEE International Geoscience and Remote Sensing Symposium	PERCIANO, T. ; TUPIN, F. ; HIRATA JR., R. ; Cesar Jr., R.M.		
trabalhoCompletoEmCongresso	Roberto Marcondes Cesar Junior	2011	http://dx.doi.org/10.1109/ICIP.2011.6115668	3D Facial Expression Analysis by using 2D and 3D Wavelet Transforms	18th IEEE International Conference on Image Processing - ICIP 2011	PINTO, S. C. D. ; Mena-Chalco, Jesús P. ; LOPES, Fabrício Martins ; VELHO, L ; Cesar Jr., R.M.		
trabalhoCompletoEmCongresso	Roberto Marcondes Cesar Junior	2011		Wi-Fi and Keygraphs for Localization with Cell Phones	Second IEEE International Workshop on Mobile Vision - IWMV - ICCV	MORIMITSU, H. ; PIMENTEL, R. ; HASHIMOTO, M. ; Cesar Jr., R.M. ; HIRATA JR., R.		
trabalhoCompletoEmCongresso	Roberto Marcondes Cesar Junior	2011	http://dx.doi.org/10.1109/eScienceW.2011.31	Towards automatic discovery of co-authorship networks in the Brazilian academic areas	Workshop On Measuring the Impact of e-Science Research (MeSR 2011) - In Conjunction with 7th IEEE International Conference on e-Science	Mena-Chalco, Jesús Pascual ; Cesar Jr., R.M.		
trabalhoCompletoEmCongresso	Roberto Marcondes Cesar Junior	2010		A column generation approach for the graph matching problem	International Conference on Pattern Recognition - ICPR	FREIRE, A. ; CESAR JUNIOR, R. M. ; FERREIRA, C. E.		
trabalhoCompletoEmCongresso	Roberto Marcondes Cesar Junior	2010		SFFS-MR: a floating search strategy for GRNs inference	5th IAPR International Conference on Pattern Recognition in Bioinformatics	LOPES, Fabrício Martins ; MARTINS, C. I. O. ; Martins, David C. ; BARRERA, J ; CESAR JUNIOR, R. M.		
trabalhoCompletoEmCongresso	Roberto Marcondes Cesar Junior	2010		Sparse Representations for Efficient Shape Matching	SIBGRAPI	NOMA, A. ; CESAR JUNIOR, R. M.		
trabalhoCompletoEmCongresso	Roberto Marcondes Cesar Junior	2010	http://dx.doi.org/10.1109/SIBGRAPI.2010.44	3D Linear Facial Animation Based on Real Data	Brazilian Symposium on Computer Graphics and Image Processing SIBGRAPI 2010	MATTOS, A. B. ; Mena-Chalco, Jesús P. ; CESAR JUNIOR, R. M. ; VELHO, L		
trabalhoCompletoEmCongresso	Roberto Marcondes Cesar Junior	2010		Image Segmentation Using Component Tree and Normalized Cut	SIBGRAPI	CARVALHO, M. A. ; COSTA, A. ; FERREIRA, A. ; CESAR JUNIOR, R. M.		
trabalhoCompletoEmCongresso	Roberto Marcondes Cesar Junior	2009		Object Detection by Keygraph Classification	7th IAPR-TC-15 Workshop on Graph-based Representations in Pattern Recognition	HASHIMOTO, M. ; CESAR JUNIOR, R. M.		
trabalhoCompletoEmCongresso	Roberto Marcondes Cesar Junior	2009		Revealing temporal genetic regulatory networks from steady-state distributions	IEEE International Workshop on Genomic Signal Processing and Statistics - GENSIPS	MARTINS JR, D C ; Oliveira, E. A. ; SILVA, P J S ; HASHIMOTO, R. ; CESAR JUNIOR, R. M.		
trabalhoCompletoEmCongresso	Roberto Marcondes Cesar Junior	2009		Comparative study of GRN's inference methods based on feature selection by mutual information	IEEE International Workshop on Genomic Signal Processing and Statistics - GENSIPS	LOPES, Fabrício Martins ; MARTINS JR, D C ; CESAR JUNIOR, R. M.		
trabalhoCompletoEmCongresso	Roberto Marcondes Cesar Junior	2009		Evaluation of retinal vessel segmentation methods for microaneurysms detection	International Conference on Image Processing	MARTINS, C. I. O. ; MEDEIROS, F. N. S. ; VERAS, R. M. S. ; BEZERRA, F. N. ; CESAR JUNIOR, R. M.		
trabalhoCompletoEmCongresso	Roberto Marcondes Cesar Junior	2009		A Computer-Assisted Colorization Approach based on E?cient Belief Propagation and Graph Matching	14th Iberoamerican Congress on Pattern Recognition (CIARP 2009)	NOMA, A. ; VELHO, L ; CESAR JUNIOR, R. M.		
trabalhoCompletoEmCongresso	Roberto Marcondes Cesar Junior	2009		Analysis of the GRNs inference by using Tsallis entropy and a feature selection approach	14th Iberoamerican Congress on Pattern Recognition (CIARP 2009)	LOPES, Fabrício Martins ; Oliveira, E. A. ; CESAR JUNIOR, R. M.		
trabalhoCompletoEmCongresso	Roberto Marcondes Cesar Junior	2008		A Backmapping Approach for Graph-based Object Tracking	SIBGRAPI	GRACIANO, A B V ; PAIXAO, T. M. ; CESAR JUNIOR, R. M. ; HIRATA JR., R.		
trabalhoCompletoEmCongresso	Roberto Marcondes Cesar Junior	2008		Structural Matching of 2D Electrophoresis Gels using Graph Models	SIBGRAPI	NOMA, A. ; PARDO, A. ; CESAR JUNIOR, R. M.		
trabalhoCompletoEmCongresso	Roberto Marcondes Cesar Junior	2008	http://dx.doi.org/10.1109/SIBGRAPI.2008.40	PCA-based 3D Face Photography	Brazilian Symposium on Computer Graphics and Image Processing	MENA-CHALCO, J. P.; MACÊDO, I. ; VELHO, L. ; CESAR JUNIOR, R. M.		
trabalhoCompletoEmCongresso	Roberto Marcondes Cesar Junior	2007		Structural Image Segmentation with Interactive Model Generation (ACCEPTED)	IEEE International Conference on Image Processing - ICIP	CONSULARO, L. A. ; CESAR JUNIOR, R. M. ; BLOCH, Isabelle		
trabalhoCompletoEmCongresso	Roberto Marcondes Cesar Junior	2007		Oversegmentation control for inexact graph matching: first results (ACCEPTED)	International Symposium on Mathematical Morphology - ISMM 2007	CONSULARO, L. A. ; CESAR JUNIOR, R. M. ; FIGUEIREDO, L H ; BLOCH, Isabelle		
trabalhoCompletoEmCongresso	Roberto Marcondes Cesar Junior	2007		Object Tracking Based On Graph Representations And Structural Pattern Recognition (ACCEPTED)	Brazilian Symposium on Computer Graphics	GRACIANO, A B V ; CESAR JUNIOR, R. M. ; BLOCH, Isabelle		
trabalhoCompletoEmCongresso	Roberto Marcondes Cesar Junior	2007		Efficient curve detection using a Gauss-Newton method with applications in agriculture	1st International Workshop on Computer Vision Applications for Developing Regions in Conjunction with ICCV 2007	ANDREANI, R. ; CESAR, G. ; CESAR JUNIOR, R. M. ; MARTINEZ, J. M. ; SILVA, P J S		
trabalhoCompletoEmCongresso	Roberto Marcondes Cesar Junior	2006		Modélisation de la relation spatiale entre pour des objets d'extensions spatiales très différentes	15e congrès francophone AFRIF-AFIA Reconnaissance des Formes et Intelligence Artificielle	BLOCH, Isabelle ; COLLIOT, O ; CESAR JUNIOR, R. M.		
trabalhoCompletoEmCongresso	Roberto Marcondes Cesar Junior	2006	http://dx.doi.org/10.1109/FGR.2006.66	Human and Machine Recognition of Fourier-Bessel Filtered Face Images	7th IEEE International Conference on Automatic Face and Gesture Recognition	ZANA, Y. ; CESAR JUNIOR, R. M. ; MENA-CHALCO, J. P.		
trabalhoCompletoEmCongresso	Roberto Marcondes Cesar Junior	2006		Identificación de regiones codificantes de proteínas mediante la transformada modificada de Morlet	XIII Concurso Latinoamericano de Tesis de Maestría. 32a Conferencia Latinoamericana de Informática - CLEI	CHALCO, J M ; CESAR JUNIOR, R. M.		
trabalhoCompletoEmCongresso	Roberto Marcondes Cesar Junior	2006		Determining the Branching Structure of 3D Structures from Respective 2D Projections	Brazilian Symposium on Computer Graphics	LEANDRO, J. J. G. ; CESAR JUNIOR, R. M. ; COSTA, L. da F.		
trabalhoCompletoEmCongresso	Roberto Marcondes Cesar Junior	2006		Análise de Formas 3D usando Wavelets 1D, 2D e 3D	Workshop de teses e dissertações - SIBGRAPI	PINTO, S. C. D. ; CESAR JUNIOR, R. M. ; COSTA, L. da F.		
trabalhoCompletoEmCongresso	Roberto Marcondes Cesar Junior	2006		Rastreamento de Componentes Conexas em Vídeo 3D para Obtenção de	Workshop de teses e dissertações - SIBGRAPI	PIRES, D da S ; CESAR JUNIOR, R. M. ; VIEIRA, M B ; VELHO, L		
trabalhoCompletoEmCongresso	Roberto Marcondes Cesar Junior	2005		Mathematical modeling of the relationship based on morphological operators	International Symposium on Mathematical Morphology - ISMM'05	BLOCH, Isabelle ; COLLIOT, O ; CESAR JUNIOR, R. M.		
trabalhoCompletoEmCongresso	Roberto Marcondes Cesar Junior	2005		Classification of Pathology in Diabetic Eye Disease	APRS Workshop on Digital Image Computing - Pattern Recognition and Imaging for Medical Applications	JELINEK, H. ; LEANDRO, J. J. G. ; CESAR JUNIOR, R. M. ; CREE, M		
trabalhoCompletoEmCongresso	Roberto Marcondes Cesar Junior	2005		Automatic Face Recognition System Based on Local Fourier-Bessel Feature	Brazilian Symposium on Computer Graphics	ZANA, Yossi ; CESAR JUNIOR, R. M. ; BARBOSA, R		
trabalhoCompletoEmCongresso	Roberto Marcondes Cesar Junior	2005		Quadtree-based Inexact Graph Matching for Image Analysis	Brazilian Symposium on Computer Graphics	CONSULARO, L.a. ; CESAR JUNIOR, R. M.		
trabalhoCompletoEmCongresso	Roberto Marcondes Cesar Junior	2005		Tracking and Matching Connected Components from 3D Video	Brazilian Symposium on Computer Graphics	PIRES, D S ; CESAR JUNIOR, R. M. ; VIEIRA, M B ; VELHO, L		
trabalhoCompletoEmCongresso	Roberto Marcondes Cesar Junior	2005		Fuzzy modeling and evaluation of the spatial relation Along	X Iberoamerican Congress on Pattern Recognition	TAKEMURA, Celina Maki ; CESAR JUNIOR, R. M. ; BLOCH, Isabelle		
trabalhoCompletoEmCongresso	Roberto Marcondes Cesar Junior	2005		Automatic Window Design for Gray-Scale Image Processing Based on Entropy Minimization	X Iberoamerican Congress on Pattern Recognition	MARTINS JR, D C ; CESAR JUNIOR, R. M. ; BARRERA, J		
trabalhoCompletoEmCongresso	Roberto Marcondes Cesar Junior	2005		Face Verification in Polar Frequency Domain: a Biologically Motivated Approach	International Symposium on Visual Computing	ZANA, Yossi ; CESAR JUNIOR, R. M. ; FERIS, Rogério S. ; TURK, Matthew		
trabalhoCompletoEmCongresso	Roberto Marcondes Cesar Junior	2005		Redução de dimensionalidade utilizando entropia condicional média: aplicações em filtragem de imagens e em reconhecimento de texturas	Workshop de Teses e Dissertações	MARTINS JR, D C ; CESAR JUNIOR, R. M. ; BARRERA, J		
trabalhoCompletoEmCongresso	Roberto Marcondes Cesar Junior	2005		Using the 2-D Morlet Wavelet with Supervised Classification for Retinal Vessel Segmentation	Workshop de Teses e Dissertações	SOARES, J. V. B. ; LEANDRO, J. J. G. ; CESAR JUNIOR, R. M. ; JELINEK, H. ; CREE, M		
trabalhoCompletoEmCongresso	Roberto Marcondes Cesar Junior	2005		Audio-based radio and TV broadcast monitoring	WebMedia '05 - 11th Brazilian Symposium on Multimedia and the web	OLIVEIRA, B ; CRIVELLARO, A ; CESAR JUNIOR, R. M.		
trabalhoCompletoEmCongresso	Roberto Marcondes Cesar Junior	2004		W-operator Window Design by Maximization of Training Data Information	Brazilian Symposium on Computer Graphics	CESAR JUNIOR, R. M.; MARTINS JR, D C ; BARRERA, J		
trabalhoCompletoEmCongresso	Roberto Marcondes Cesar Junior	2004		Análise de formas representadas por marcos utilizando características mono e multiescala	Workshop de Teses e Dissertações	CESAR JUNIOR, R. M.; TAKEMURA, Celina Maki		
trabalhoCompletoEmCongresso	Roberto Marcondes Cesar Junior	2004		Modelisation de la relation spatiale entre partir de notions de convexit et de visibilit floue	Rencontres francophones sur la Logique Floue et ses Applications LFA 04	BLOCH, Isabelle ; COLLIOT, O ; CESAR JUNIOR, R. M.		
trabalhoCompletoEmCongresso	Roberto Marcondes Cesar Junior	2004		Development of retinal blood vessel segmentation methodology using wavelet transforms assesment of diabetic retinopathy	8th Asia Pacific Symposium on Intelligent and Evolutionary Systems	CORNFORTH, D. ; JELINEK, H. ; LEANDRO, J. J. G. ; SOARES, J. V. B. ; CESAR JUNIOR, R. M. ; CREE, M ; MITCHELL, P ; BOSSOMAIER, T		
trabalhoCompletoEmCongresso	Roberto Marcondes Cesar Junior	2003		Blood Vessels Segmentation in Non-Mydriatic Images using Wavelets and Statistical Classifiers	Brazilian Conference on Computer Graphics	CESAR JUNIOR, R. M.; JELINEK, H. ; LEANDRO, J. J. G. ; SOARES, J. V. B.		
trabalhoCompletoEmCongresso	Roberto Marcondes Cesar Junior	2003		Characterization of neuroanatomic structures using 3d wavelet-based normal fields	Seventh International Symposium on Signal Processing and its Applications - ISSPA 2003	PINTO, S. C. D. ; CESAR JUNIOR, R. M. ; COSTA, L. da F.		
trabalhoCompletoEmCongresso	Roberto Marcondes Cesar Junior	2003		Inexact Graph Matching for Facial Feature Segmentation and Recognition in Vide o Sequences: Results on Face Tracking	8th Iberoamerican Congress on Pattern Recognition - CIARP´03	GRACIANO, A B V ; CESAR JUNIOR, R. M. ; BLOCH, Isabelle		
trabalhoCompletoEmCongresso	Roberto Marcondes Cesar Junior	2003		Homomorfismo entre Grafos para Segmentação e Reconhecimento de Características Faciais em Sequências de Vídeo: Resultados Preliminares	Brazilian Conference on Computer Graphics	GRACIANO, A B V ; CESAR JUNIOR, R. M. ; BLOCH, Isabelle		
trabalhoCompletoEmCongresso	Roberto Marcondes Cesar Junior	2002		Shape Analysis and Classification using Landmarks: Polygonal Wavelet Transform	European Conference on Artificial Intelligence - ECAI	CESAR JUNIOR, R. M.; TAKEMURA, Celina Maki		
trabalhoCompletoEmCongresso	Roberto Marcondes Cesar Junior	2002		Inexact Graph Matching using Stochastic Optimization Techniques for Facial Feature Recognition	16th International Conference on Pattern Recognition	CESAR JUNIOR, R. M.; BLOCH, Isabelle ; BENGOETXEA, E.		
trabalhoCompletoEmCongresso	Roberto Marcondes Cesar Junior	2002		3D Morphological Analysis of Brain MRI using Wavelets	14th International Conference on Digital Signal Processing (DSP2002)	CESAR JUNIOR, R. M.; COSTA, L. da F. ; PINTO, S. C. D.		
trabalhoCompletoEmCongresso	Roberto Marcondes Cesar Junior	2002		MicroMod: an L-systems approach to neuron modelling	The Sixth Australia-Japan Joint Workshop	CESAR JUNIOR, R. M.; JELINEK, H. ; LEANDRO, J. J. G. ; KARPERIEN, A. ; CORNFORTH, D.		
trabalhoCompletoEmCongresso	Roberto Marcondes Cesar Junior	2002		From Microarray Images to Biological Knowledge	Second Brazilian Symposium on Mathematical and Computational Biology	CESAR JUNIOR, R. M.; BARRERA, J. ; DANTAS, D. O. ; MARTINS JR, D C ; TREPODE, N. W.		
trabalhoCompletoEmCongresso	Roberto Marcondes Cesar Junior	2002		Efficient Real-time Face Tracking in Wavelet Space	Workshop de Teses e Dissertações - WTD - XXII Congresso da SBC - SBC2002	FERIS, Rogério S. ; CESAR JUNIOR, R. M.		
trabalhoCompletoEmCongresso	Roberto Marcondes Cesar Junior	2002		Advances on Feature Selection Techniques with Applications to Face Recognition	Workshop de Teses e Dissertações - WTD - XXII Congresso da SBC - SBC2002	CAMPOS, T. E. ; CESAR JUNIOR, R. M.		
trabalhoCompletoEmCongresso	Roberto Marcondes Cesar Junior	2001		Locating and Tracking Facial Landmarks Using Gabor Wavelet Networks	ICAPR'2001 - International Conference on Advances in Pattern Recognition	CESAR JUNIOR, R. M.; FERIS, Rogerio S.		
trabalhoCompletoEmCongresso	Roberto Marcondes Cesar Junior	2001		Feature Selection Based on Fuzzy Distances Between Clusters: First Results on Simulated Data	ICAPR'2001 International Conference on Advances in Pattern Recognition	CESAR JUNIOR, R. M.; T. E. Campos ; BLOCH, Isabelle		
trabalhoCompletoEmCongresso	Roberto Marcondes Cesar Junior	2001		Efficient Real-Time Face Tracking in Wavelet Subspace	Second International Workshop on Recognition	CESAR JUNIOR, R. M.; FERIS, Rogerio S. ; KRÜGER, V.		
trabalhoCompletoEmCongresso	Roberto Marcondes Cesar Junior	2001		Blood Vessels Segmentation in Retina: Preliminary Assessment of the Mathematical Morphology and of the Wavelet Transform Techniques	Brazilian Conference on Computer Graphics	CESAR JUNIOR, R. M.; LEANDRO, J. J. G. ; JELINEK, H.		
trabalhoCompletoEmCongresso	Roberto Marcondes Cesar Junior	2001		Time Series Inference from Clustering	Spie Microarrays: Optical Technologies and Informatics	CESAR JUNIOR, R. M.; DOUGHERTY, E. R. ; BARRERA, J. ; BRUN, M. ; KIM, S. ; CHEN, Y. ; BITTNER, M. ; TRENT, J. M.		
trabalhoCompletoEmCongresso	Roberto Marcondes Cesar Junior	2001		First Results on Facial Feature Segmentation and Recognition using Graph Homomorphisms	VI Simpósio Ibero-Americano de Reconhecimento de Padrões	CESAR JUNIOR, R. M.; BLOCH, Isabelle		
trabalhoCompletoEmCongresso	Roberto Marcondes Cesar Junior	2001		Design, Implementation, and Application of a Parallel Image Laboratory	VI Simpósio Ibero-Americano de Reconhecimento de Padrões	CESAR JUNIOR, R. M.; COSTA, L. da F. ; CONSULARO, L.a. ; O. M. Bruno		
trabalhoCompletoEmCongresso	Roberto Marcondes Cesar Junior	2000		Eigenfaces versus Eygeneyes: First Steps Toward Performance Assessment of Representations for Face Recognition	International & Mexican Conference on Artificial Intelligence	CESAR JUNIOR, R. M.; FERIS, Rogerio S. ; T. E. Campos		
trabalhoCompletoEmCongresso	Roberto Marcondes Cesar Junior	2000		Detection and Tracking of Facial Features in Video Sequences	Proc. International & Mexican Conference on Artificial Intelligence	CESAR JUNIOR, R. M.; FERIS, Rogerio S. ; T. E. Campos		
trabalhoCompletoEmCongresso	Roberto Marcondes Cesar Junior	2000		Tracking Facial Features Using Gabor Wavelet Networks	SIBGRAPI'2000	CESAR JUNIOR, R. M.; FERIS, Rogerio S.		
trabalhoCompletoEmCongresso	Roberto Marcondes Cesar Junior	2000		A Framework for Face Recognition from Video Sequences Using GWN and Eigenfeature Selection	WAICV'2000 - SBIA'2000 - IBERAMIA'2000	CESAR JUNIOR, R. M.; FERIS, Rogerio S. ; T. E. Campos		
trabalhoCompletoEmCongresso	Roberto Marcondes Cesar Junior	2000		Improved Face X Non-Face Discrimination Using Fourier Descriptors Through Feature Selection	13th SIBGRAPI	CESAR JUNIOR, R. M.; T. E. Campos		
trabalhoCompletoEmCongresso	Roberto Marcondes Cesar Junior	2000		Reconhecimento Computacional de Pessoas	SEMAC - Semana da Computação - IBILCE/UNESP -	CESAR JUNIOR, R. M.; T. E. Campos ; FERIS, Rogerio S.		
trabalhoCompletoEmCongresso	Roberto Marcondes Cesar Junior	1999		Synergos and its Application to Contour Segmentation	III Workshop on Cybernetic Vision	CESAR JUNIOR, R. M.; CONSULARO, L.a. ; COSTA, L. da F.		
trabalhoCompletoEmCongresso	Roberto Marcondes Cesar Junior	1999		Comparing Curvature Estimation Techniques	Brazilian Symposium on Control and Automation	CESAR JUNIOR, R. M.; L. F. Estrozi ; A. G. Campos ; L. G. Rios ; COSTA, L. da F.		
trabalhoCompletoEmCongresso	Roberto Marcondes Cesar Junior	1999		Multiscale Shape Analysis and Applications	3rd IMACS/IEEE International Multiconference on Circuits	CESAR JUNIOR, R. M		
trabalhoCompletoEmCongresso	Roberto Marcondes Cesar Junior	1998		Análise Multi-Escala de Formas Bidimensionais	Sixth Iberoamerican Conference on Artificial Intelligence	CESAR JUNIOR, R. M.; COSTA, L. da F.		
trabalhoCompletoEmCongresso	Roberto Marcondes Cesar Junior	1998		Automatic Feature Selection for Biological Shape Classification in SYNERGOS	Brazilian Conference on Computer Graphics	CESAR JUNIOR, R. M.; CONSULARO, L.a. ; O. M. Bruno ; COSTA, L. da F.		
trabalhoCompletoEmCongresso	Roberto Marcondes Cesar Junior	1997		Semi-Automated Dendrogram Generation For Neural Shape Analysis	Simpósio Brasileiro de Computação Gráfica e Processamento de Imagens - SIBGRAPI-97	CESAR JUNIOR, R. M.; CESAR, R. M. ; F JR, L.		
trabalhoCompletoEmCongresso	Roberto Marcondes Cesar Junior	1996		Shape Characterization In Natural Scales By Using The Multiscale Bending Energy	13th International Conference on Pattern Recognition	CESAR JUNIOR, R. M.; CESAR, R. M. ; F JR, L.		
trabalhoCompletoEmCongresso	Roberto Marcondes Cesar Junior	1996		Shape Characterization By Using The Gabor Transform	IEEE Digital Signal Processing Workshop	CESAR JUNIOR, R. M.; CESAR, R. M. ; F JR, L.		
trabalhoCompletoEmCongresso	Roberto Marcondes Cesar Junior	1996		Multiscale Shape Analysis Using The Continuous Wavelet Transform	IEEE International Conference on Image Processing (ICIP-96)	CESAR JUNIOR, R. M.; ANTOINE, J. -. ; BARACHE, D. ; CESAR, R. M. ; F JR, L.		
trabalhoCompletoEmCongresso	Roberto Marcondes Cesar Junior	1996		Automatic Classification Of Retinal Ganglion Cells	II Workshop on Cybernetic Vision	CESAR JUNIOR, R. M.; CESAR, R. M. ; C JUNIOR, R. ; COELHO, L. F.		
trabalhoCompletoEmCongresso	Roberto Marcondes Cesar Junior	1994		The Contour Specialization Of Cyvis-I: An Effective Framework For Intermediate Visual Representation	Simpósio Brasileiro de Computação Gráfica e Processamento de Imagens	CESAR JUNIOR, R. M.; CESAR, R. M. ; F JR, L.		
trabalhoCompletoEmCongresso	Roberto Marcondes Cesar Junior	1993		Segmentação e descrição de contornos por B-Splines e sua aplicação no casamento de contornos	VI Simpósio Brasileiro de Computação Gráfica e Processamento de Imagens - VI SIBGRAPI	CESAR JUNIOR, R. M.; LOTUFO, R A		
trabalhoCompletoEmCongresso	Roberto Marcondes Cesar Junior	1993		Segmentação e representação de contornos por B-Splines para aplicações em Visão Computacional	I Simpósio Brasileiro de Automação Inteligente - I SBAI	CESAR JUNIOR, R. M.; LOTUFO, R A		
trabalhoCompletoEmCongresso	Roberto Marcondes Cesar Junior	1991		Linguagens formais estocásticas: teoria das probabilidades e gramáticas formais em uma só teoria	XIV Reunião da Sociedade Brasileira de Matemática Aplicada e Computacional	CESAR JUNIOR, R. M.; LINHARES, O L		
trabalhoCompletoEmCongresso	Roberto Marcondes Cesar Junior	1991		Métodos Numéricos de Aproximação poligonal: Uma Análise Comparativa de 3 Métodos	Jornada EPUSP/IEEE em Computação Visual	CESAR JUNIOR, R. M.; LINHARES, O L		
resumoExpandidoEmCongresso	Roberto Marcondes Cesar Junior	2014	Modeling and recognition of structured objects: a statistical-relational approach	Workshop FEAST - ICPR 2014, 2014, Stockholm. Proc. Workshop FEAST - ICPR 2014	Graciano, Ana B.V. ; Cesar Jr, Roberto M. ; BLOCH, Isabelle		
resumoExpandidoEmCongresso	Roberto Marcondes Cesar Junior	2014	A graph-based approach for object detection and action recognition in videos	Workshop FEAST - ICPR 2014, 2014, Stockholm. Proc. Workshop FEAST - ICPR 2014	MORIMITSU, H. ; Cesar Jr, Roberto M. ; BLOCH, Isabelle		
resumoExpandidoEmCongresso	Roberto Marcondes Cesar Junior	2008	Automatic Contour Extraction Of Neurons In Presence Of Overlap	3rd Workshop on Bio-Image Informatics: Biological Imaging, Computer Vision and Data Mining, 2008, 2008, Santa Barbara, CA. 3rd Workshop on Bio-Image Informatics: Biological Imaging, Computer Vision and Data Mining, 2008	LEANDRO, J. J. G. ; CESAR JUNIOR, R. M. ; COSTA, L F		
resumoExpandidoEmCongresso	Roberto Marcondes Cesar Junior	2008	AGN Simulation and Validation Model	III Brazilian Symposium on Bioinformatics, 2008. Lecture Notes in Computer Science	LOPES, Fabrício Martins ; CESAR JUNIOR, R. M. ; COSTA, L. F.		
resumoExpandidoEmCongresso	Roberto Marcondes Cesar Junior	2004	A New Annotation Tool For Malaria Based On Inference Of Probabilistic Genetic Networks	Fifth International Conference for the Critical Assessment of Microarray Data Analysis (CAMDA 2004), 2004, Durham. Proc. Fifth International Conference for the Critical Assessment of Microarray Data Analysis (CAMDA 2004)	BARRERA, J ; CESAR JUNIOR, R. M. ; MARTINS JR, D C ; MERINO, e F ; VENCIO, R Z N ; LEONARDI, F G ; YAMAMOTO, M M ; PEREIRA, C A B ; PORTILLO, H A Del		
